Channel,region,act_date,h00_01,h01_02,h02_03,h03_04,h04_05,h05_06,h06_07,h07_08,h08_09,h09_10,h10_11,h11_12,h12_13,h13_14,h14_15,h15_16,h16_17,h17_18,h18_19,h19_20,h20_21,h21_22,h22_23,h23_00,total_issuance
SUPPLY_TOLL,AGR,19-01-2026,0,0,0,0,0,0,0,0,1,1,1,3,6,0,0,0,0,0,0,0,0,0,0,0,12
SUPPLY_TOLL,AGR,17-01-2026,0,0,0,0,0,0,0,0,1,1,1,3,6,0,0,0,0,0,0,0,0,0,0,0,12
SUPPLY_TOLL,AHD,17-01-2026,2,0,0,0,0,0,0,0,2,1,2,1,2,0,0,0,0,0,0,0,0,0,0,0,10
SUPPLY_TOLL,AMR,17-01-2026,0,0,0,0,0,0,0,0,0,0,0,7,0,0,0,0,0,0,0,0,0,0,0,0,7
SUPPLY_MARKET,AP1,17-01-2026,0,0,0,0,0,0,0,0,1,1,2,4,9,0,0,0,0,0,0,0,0,0,0,0,17
SUPPLY_MARKET,AP2,17-01-2026,0,0,0,0,0,0,0,0,0,1,3,6,11,0,0,0,0,0,0,0,0,0,0,0,21
SUPPLY_TOLL,BHU,17-01-2026,1,0,0,0,0,0,0,3,1,1,2,11,8,0,0,0,0,0,0,0,0,0,0,0,27
SUPPLY_TOLL,BLR,17-01-2026,0,0,0,0,0,0,0,0,0,0,0,0,4,0,0,0,0,0,0,0,0,0,0,0,4
SUPPLY_MARKET,BR1,17-01-2026,0,0,0,0,0,0,0,0,1,0,3,1,1,0,0,0,0,0,0,0,0,0,0,0,6
SUPPLY_MARKET,BR2,17-01-2026,0,0,0,0,0,0,0,0,1,0,1,1,0,0,0,0,0,0,0,0,0,0,0,0,3
SUPPLY_MARKET,CG1,17-01-2026,0,0,0,0,0,0,0,1,0,3,3,4,5,0,0,0,0,0,0,0,0,0,0,0,16
SUPPLY_MARKET,CG2,17-01-2026,0,0,0,0,0,0,0,0,0,0,2,4,2,0,0,0,0,0,0,0,0,0,0,0,8
SUPPLY_TOLL,CHE,17-01-2026,0,0,0,0,0,0,0,0,0,0,1,1,2,0,0,0,0,0,0,0,0,0,0,0,4
SUPPLY_TOLL,COI,17-01-2026,0,1,0,0,0,0,0,0,0,1,1,2,0,0,0,0,0,0,0,0,0,0,0,0,5
SUPPLY_MARKET,DEL,17-01-2026,0,0,0,0,0,1,0,0,1,3,2,5,4,0,0,0,0,0,0,0,0,0,0,0,16
SUPPLY_MARKET,GJ1,17-01-2026,1,0,0,0,0,0,0,0,0,0,2,1,3,0,0,0,0,0,0,0,0,0,0,0,7
SUPPLY_MARKET,GJ2,17-01-2026,6,1,0,0,0,0,0,0,0,1,1,4,3,0,0,0,0,0,0,0,0,0,0,0,16
SUPPLY_MARKET,HPJK,17-01-2026,0,0,0,0,0,0,0,1,0,0,1,4,4,0,0,0,0,0,0,0,0,0,0,0,10
SUPPLY_MARKET,HR,17-01-2026,0,0,0,0,0,0,0,0,1,1,1,8,1,0,0,0,0,0,0,0,0,0,0,0,12
SUPPLY_TOLL,HUB,17-01-2026,0,0,0,0,0,1,0,0,0,2,0,0,0,0,0,0,0,0,0,0,0,0,0,0,3
SUPPLY_TOLL,HYD,17-01-2026,0,0,0,0,0,0,0,0,1,0,0,3,1,0,0,0,0,0,0,0,0,0,0,0,5
SUPPLY_TOLL,JAI,17-01-2026,0,0,0,0,0,0,0,0,1,11,0,23,11,0,0,0,0,0,0,0,0,0,0,0,46
SUPPLY_MARKET,JH,17-01-2026,1,0,0,0,0,0,0,1,0,1,4,5,4,0,0,0,0,0,0,0,0,0,0,0,16
SUPPLY_MARKET,KA1,17-01-2026,0,0,0,0,0,0,0,0,1,0,1,0,1,0,0,0,0,0,0,0,0,0,0,0,3
SUPPLY_MARKET,KA2,17-01-2026,0,0,0,0,0,0,0,0,0,0,1,1,2,0,0,0,0,0,0,0,0,0,0,0,4
SUPPLY_TOLL,KAR,17-01-2026,0,0,0,0,0,0,0,0,0,0,1,0,0,0,0,0,0,0,0,0,0,0,0,0,1
SUPPLY_TOLL,KOL,17-01-2026,3,0,0,0,0,2,1,3,4,1,9,2,8,0,0,0,0,0,0,0,0,0,0,0,33
SUPPLY_TOLL,LKW,17-01-2026,0,0,0,0,1,0,0,3,9,5,0,4,2,0,0,0,0,0,0,0,0,0,0,0,24
SUPPLY_MARKET,MH1,17-01-2026,0,0,0,0,0,0,0,0,0,0,0,0,1,0,0,0,0,0,0,0,0,0,0,0,1
SUPPLY_MARKET,MH2,17-01-2026,0,0,0,0,0,0,0,0,1,0,0,1,4,0,0,0,0,0,0,0,0,0,0,0,6
SUPPLY_MARKET,MH3,17-01-2026,0,0,0,0,0,0,0,0,0,0,3,3,1,0,0,0,0,0,0,0,0,0,0,0,7
SUPPLY_MARKET,MH4,17-01-2026,1,0,0,0,0,0,0,0,0,0,3,2,7,0,0,0,0,0,0,0,0,0,0,0,13
SUPPLY_TOLL,MP,17-01-2026,0,0,0,0,0,0,0,1,1,1,0,1,1,0,0,0,0,0,0,0,0,0,0,0,5
SUPPLY_MARKET,MP1,17-01-2026,0,0,0,0,0,0,0,0,0,1,1,4,0,0,0,0,0,0,0,0,0,0,0,0,6
SUPPLY_MARKET,MP2,17-01-2026,0,0,0,0,0,0,0,0,0,1,1,1,1,0,0,0,0,0,0,0,0,0,0,0,4
SUPPLY_TOLL,NAG,17-01-2026,0,1,1,0,0,0,0,0,1,0,3,3,2,0,0,0,0,0,0,0,0,0,0,0,11
SUPPLY_MARKET,NCR,17-01-2026,1,0,0,0,0,1,2,0,0,0,1,0,2,0,0,0,0,0,0,0,0,0,0,0,7
SUPPLY_MARKET,NE,17-01-2026,1,0,0,0,0,0,0,0,1,1,3,2,11,0,0,0,0,0,0,0,0,0,0,0,19
SUPPLY_MARKET,OR1,17-01-2026,0,0,0,0,0,0,0,0,0,2,2,5,4,0,0,0,0,0,0,0,0,0,0,0,13
SUPPLY_MARKET,OR2,17-01-2026,0,0,0,0,0,0,0,0,0,1,2,5,1,0,0,0,0,0,0,0,0,0,0,0,9
SUPPLY_TOLL,PAT,17-01-2026,1,1,0,1,0,0,2,1,3,5,8,4,1,0,0,0,0,0,0,0,0,0,0,0,27
SUPPLY_MARKET,PBHR,17-01-2026,0,0,0,0,0,0,1,0,1,3,3,2,4,0,0,0,0,0,0,0,0,0,0,0,14
SUPPLY_TOLL,PUN,17-01-2026,0,1,0,0,0,0,0,1,2,1,1,2,0,0,0,0,0,0,0,0,0,0,0,0,8
SUPPLY_TOLL,RAI,17-01-2026,0,0,0,0,0,0,0,1,2,1,2,2,2,0,0,0,0,0,0,0,0,0,0,0,10
SUPPLY_MARKET,RJ1,17-01-2026,0,0,0,0,0,2,0,0,1,0,0,1,2,0,0,0,0,0,0,0,0,0,0,0,6
SUPPLY_MARKET,RJ2,17-01-2026,0,0,0,0,0,0,0,0,0,0,4,6,3,0,0,0,0,0,0,0,0,0,0,0,13
SUPPLY_MARKET,RJ3,17-01-2026,0,0,0,0,0,0,0,0,1,1,1,9,4,0,0,0,0,0,0,0,0,0,0,0,16
SUPPLY_MARKET,RJ4,17-01-2026,0,0,0,0,0,0,0,0,6,2,2,2,13,0,0,0,0,0,0,0,0,0,0,0,25
SUPPLY_TOLL,ROK,17-01-2026,0,0,0,0,0,0,0,0,0,0,1,1,1,0,0,0,0,0,0,0,0,0,0,0,3
SUPPLY_TOLL,SUR,17-01-2026,0,0,0,0,0,0,1,1,1,0,4,0,3,0,0,0,0,0,0,0,0,0,0,0,10
SUPPLY_MARKET,TN1,17-01-2026,0,0,0,0,0,0,0,0,0,0,0,1,0,0,0,0,0,0,0,0,0,0,0,0,1
SUPPLY_MARKET,TN2,17-01-2026,2,0,0,0,0,0,0,0,0,2,2,2,0,0,0,0,0,0,0,0,0,0,0,0,8
SUPPLY_MARKET,TN3,17-01-2026,0,0,0,0,0,0,0,0,0,0,3,0,0,0,0,0,0,0,0,0,0,0,0,0,3
SUPPLY_MARKET,TN4,17-01-2026,0,0,0,0,0,0,0,0,0,0,0,1,0,0,0,0,0,0,0,0,0,0,0,0,1
CHANNEL_PARTNER,TNKN,17-01-2026,0,0,0,0,0,0,0,0,0,0,0,1,0,0,0,0,0,0,0,0,0,0,0,0,1
SUPPLY_MARKET,TS1,17-01-2026,0,0,0,0,0,0,0,0,0,2,1,2,2,0,0,0,0,0,0,0,0,0,0,0,7
SUPPLY_MARKET,TS2,17-01-2026,0,0,0,0,0,0,0,0,0,3,3,8,2,0,0,0,0,0,0,0,0,0,0,0,16
SUPPLY_TOLL,UDR,17-01-2026,1,0,0,0,0,0,0,0,1,3,1,2,2,0,0,0,0,0,0,0,0,0,0,0,10
SUPPLY_MARKET,UP1,17-01-2026,0,0,0,0,0,0,0,2,0,0,1,4,7,0,0,0,0,0,0,0,0,0,0,0,14
SUPPLY_MARKET,UP2,17-01-2026,0,0,0,0,0,0,0,0,1,0,0,2,1,0,0,0,0,0,0,0,0,0,0,0,4
SUPPLY_MARKET,UP3,17-01-2026,1,0,0,0,0,0,0,0,1,1,3,3,1,0,0,0,0,0,0,0,0,0,0,0,10
SUPPLY_MARKET,UP4,17-01-2026,0,0,0,0,0,0,0,0,1,0,1,3,2,0,0,0,0,0,0,0,0,0,0,0,7
SUPPLY_MARKET,UP5,17-01-2026,0,0,0,0,0,0,0,1,3,1,0,0,9,0,0,0,0,0,0,0,0,0,0,0,14
SUPPLY_TOLL,VIJ,17-01-2026,1,0,0,0,0,0,0,3,0,1,2,5,1,0,0,0,0,0,0,0,0,0,0,0,13
SUPPLY_MARKET,WB1,17-01-2026,2,1,0,0,0,0,0,0,0,1,2,6,3,0,0,0,0,0,0,0,0,0,0,0,15
SUPPLY_MARKET,WB2,17-01-2026,0,0,0,0,0,0,0,0,0,0,1,2,4,0,0,0,0,0,0,0,0,0,0,0,7
SUPPLY_TOLL,AGR,16-01-2026,0,0,0,0,0,0,0,0,10,1,2,0,1,2,2,9,2,1,4,0,5,1,2,1,43
SUPPLY_TOLL,AHD,16-01-2026,0,0,0,0,0,0,0,0,0,0,2,3,2,2,1,1,2,4,0,1,3,0,0,0,21
SUPPLY_TOLL,AMR,16-01-2026,0,0,0,0,0,0,0,0,0,0,1,1,3,4,0,2,1,5,2,1,0,2,0,0,22
SUPPLY_MARKET,AP1,16-01-2026,0,0,0,0,0,0,0,1,0,0,0,1,0,0,0,0,0,0,1,0,0,0,0,0,3
SUPPLY_MARKET,AP2,16-01-2026,0,0,0,0,0,0,0,0,1,2,4,0,1,0,2,0,1,1,2,0,0,0,0,0,14
SUPPLY_TOLL,BHU,16-01-2026,0,0,0,0,1,0,0,1,1,2,4,3,2,5,1,13,11,7,3,2,3,4,1,0,64
SUPPLY_TOLL,BLR,16-01-2026,0,0,0,0,0,0,0,0,1,0,1,3,1,1,1,0,0,2,0,0,1,0,0,0,11
SUPPLY_MARKET,BR1,16-01-2026,0,0,0,0,0,0,0,0,3,0,1,1,3,1,0,1,3,2,1,0,1,0,0,0,17
SUPPLY_MARKET,BR2,16-01-2026,0,0,0,0,0,0,0,0,0,0,0,0,1,0,0,1,0,1,0,0,0,0,0,0,3
CHANNEL_PARTNER,BRWBNE,16-01-2026,0,0,0,0,0,0,0,0,0,0,0,1,0,0,0,0,1,1,0,0,0,0,0,0,3
SUPPLY_MARKET,CG1,16-01-2026,0,0,0,0,0,0,0,0,0,0,1,2,1,1,1,2,2,5,2,0,2,0,0,0,19
SUPPLY_MARKET,CG2,16-01-2026,0,0,0,0,0,0,0,0,0,0,0,2,4,3,1,2,0,0,1,4,8,1,1,0,27
SUPPLY_TOLL,CHE,16-01-2026,0,0,0,0,0,0,0,0,0,0,0,1,1,1,0,1,0,0,0,0,0,0,0,0,4
SUPPLY_TOLL,COI,16-01-2026,0,0,0,1,0,0,1,0,0,0,0,0,2,1,1,3,1,3,1,0,0,0,0,0,14
SUPPLY_MARKET,DEL,16-01-2026,1,1,1,0,0,0,0,0,1,1,3,2,9,6,6,6,5,10,5,4,0,1,1,0,63
CHANNEL_PARTNER,DLPB,16-01-2026,0,0,0,0,0,0,0,0,0,0,0,0,0,0,0,1,2,1,0,0,0,0,0,0,4
SUPPLY_MARKET,GJ1,16-01-2026,0,0,0,0,0,0,0,0,0,0,2,1,1,2,2,4,2,1,1,0,0,0,0,0,16
SUPPLY_MARKET,GJ2,16-01-2026,0,1,0,0,0,0,0,0,0,0,3,3,6,0,2,0,2,5,2,1,1,0,0,0,26
SUPPLY_MARKET,HPJK,16-01-2026,0,0,0,0,0,0,0,0,1,0,1,1,5,7,3,2,5,2,1,1,0,0,0,0,29
SUPPLY_MARKET,HR,16-01-2026,0,0,0,0,0,0,0,0,0,1,1,2,3,4,6,1,3,2,0,2,1,0,0,0,26
SUPPLY_TOLL,HUB,16-01-2026,1,0,0,0,0,0,0,0,0,1,3,0,1,3,0,2,1,2,1,1,0,0,1,0,17
SUPPLY_TOLL,HYD,16-01-2026,0,0,0,0,0,0,0,0,0,0,0,0,1,0,0,2,1,4,1,3,0,0,0,0,12
SUPPLY_TOLL,JAI,16-01-2026,1,0,0,0,0,0,0,0,0,6,3,0,4,1,4,4,5,5,7,5,3,3,0,0,51
SUPPLY_MARKET,JH,16-01-2026,0,0,0,0,0,0,0,0,0,1,0,1,4,4,1,2,6,0,1,0,2,1,0,0,23
SUPPLY_MARKET,KA1,16-01-2026,0,0,0,0,0,0,0,0,0,0,0,1,3,2,1,2,1,0,4,1,4,0,1,0,20
SUPPLY_MARKET,KA2,16-01-2026,0,0,0,0,0,0,0,0,0,0,0,4,1,5,5,1,2,4,3,5,2,1,0,0,33
SUPPLY_TOLL,KOL,16-01-2026,3,0,0,0,0,0,0,0,3,2,3,4,7,5,3,1,8,4,6,7,10,4,4,3,77
SUPPLY_TOLL,LKW,16-01-2026,0,0,0,0,0,0,0,0,0,3,5,2,4,1,5,5,5,0,4,2,2,2,0,0,40
SUPPLY_MARKET,MH1,16-01-2026,0,0,0,0,0,0,0,0,0,0,0,3,3,2,1,2,0,3,5,1,1,0,0,0,21
SUPPLY_MARKET,MH2,16-01-2026,0,0,0,0,0,0,0,0,0,0,0,3,2,5,2,1,3,0,3,1,0,1,0,0,21
SUPPLY_MARKET,MH3,16-01-2026,0,0,0,0,0,0,0,0,0,0,3,0,4,1,0,0,3,1,1,1,0,0,0,0,14
SUPPLY_MARKET,MH4,16-01-2026,0,0,0,0,0,0,0,0,0,0,0,1,0,1,5,4,6,1,1,2,1,2,0,1,25
SUPPLY_TOLL,MP,16-01-2026,1,0,0,0,0,0,0,0,0,0,1,4,2,1,0,1,2,5,0,2,3,0,0,0,22
SUPPLY_MARKET,MP1,16-01-2026,0,0,0,0,0,0,0,0,0,0,1,0,2,3,2,2,5,0,2,2,2,0,0,1,22
SUPPLY_MARKET,MP2,16-01-2026,0,0,0,0,0,0,0,0,0,0,0,0,2,1,0,1,1,2,2,0,0,0,0,0,9
CHANNEL_PARTNER,MPCG,16-01-2026,0,0,0,0,0,0,0,0,0,0,0,0,0,0,0,0,0,1,0,0,0,0,0,1,2
FINANCIAL_SERVICES,Maharashtra,16-01-2026,0,0,0,0,0,0,0,0,0,0,0,0,1,0,0,0,0,0,0,0,0,0,0,0,1
SUPPLY_TOLL,NAG,16-01-2026,0,0,0,0,0,0,0,0,1,0,2,2,7,5,2,4,1,0,2,2,2,0,1,0,31
SUPPLY_MARKET,NCR,16-01-2026,0,0,1,0,0,0,0,0,0,0,0,0,3,2,4,4,5,3,2,1,0,0,0,0,25
SUPPLY_MARKET,NE,16-01-2026,0,0,0,0,0,0,0,0,0,0,0,2,1,3,3,2,3,1,2,0,1,1,0,0,19
SUPPLY_MARKET,OR1,16-01-2026,0,0,0,0,0,0,0,0,0,1,1,0,0,1,1,2,5,1,0,1,0,0,0,0,13
SUPPLY_MARKET,OR2,16-01-2026,0,0,0,0,0,0,0,0,0,2,2,0,0,2,3,0,1,1,3,0,2,0,0,0,16
CHANNEL_PARTNER,ORJH,16-01-2026,0,0,0,0,0,0,0,0,0,0,0,0,0,0,0,0,0,0,4,1,0,0,0,0,5
SUPPLY_TOLL,PAT,16-01-2026,0,0,0,0,0,0,2,1,1,2,3,3,2,1,4,3,3,1,1,1,2,3,1,0,34
SUPPLY_MARKET,PBHR,16-01-2026,0,0,0,0,0,0,0,0,1,1,0,3,4,3,2,2,2,1,3,1,0,0,0,0,23
SUPPLY_TOLL,PUN,16-01-2026,0,0,0,0,0,0,0,0,0,1,3,3,0,1,1,2,0,1,2,2,1,6,1,0,24
SUPPLY_TOLL,RAI,16-01-2026,0,0,0,1,0,0,0,1,3,5,1,3,7,6,4,8,6,5,5,4,1,3,0,0,63
SUPPLY_MARKET,RJ1,16-01-2026,0,0,0,0,0,0,0,0,1,0,1,2,1,3,3,2,3,3,2,3,0,1,0,1,26
SUPPLY_MARKET,RJ2,16-01-2026,0,0,0,0,0,0,0,0,0,9,6,1,3,0,1,3,5,4,3,1,3,1,0,0,40
SUPPLY_MARKET,RJ3,16-01-2026,0,0,0,0,0,0,0,0,1,0,0,1,1,1,3,5,2,3,3,1,0,1,0,0,22
SUPPLY_MARKET,RJ4,16-01-2026,0,0,0,0,0,0,0,0,0,0,0,5,4,6,2,4,7,1,5,0,1,0,0,0,35
SUPPLY_TOLL,ROK,16-01-2026,0,0,0,0,0,0,0,0,0,0,1,3,2,3,1,6,8,3,2,2,1,0,0,0,32
SUPPLY_TOLL,SUR,16-01-2026,0,0,0,0,0,0,0,0,1,2,5,2,4,3,0,3,3,3,1,0,1,0,0,0,28
SUPPLY_MARKET,TN1,16-01-2026,0,0,0,0,0,0,0,0,0,0,0,0,0,0,0,0,1,1,0,0,1,0,0,0,3
SUPPLY_MARKET,TN2,16-01-2026,0,0,0,0,0,0,0,0,0,1,0,2,4,1,1,1,0,0,1,0,1,0,0,0,12
SUPPLY_MARKET,TN3,16-01-2026,0,0,0,0,0,0,0,0,0,0,2,0,0,0,0,1,4,1,0,0,0,0,0,0,8
SUPPLY_MARKET,TN4,16-01-2026,0,0,0,0,0,0,0,0,0,0,0,1,0,0,0,3,0,1,1,0,0,0,0,0,6
CHANNEL_PARTNER,TNKN,16-01-2026,0,0,0,0,0,0,0,0,0,0,0,0,0,0,0,0,0,0,0,3,0,0,0,0,3
SUPPLY_MARKET,TS1,16-01-2026,0,0,0,0,0,0,0,0,1,0,0,1,3,1,2,1,1,1,1,0,0,0,0,0,12
SUPPLY_MARKET,TS2,16-01-2026,0,0,0,0,0,0,0,0,0,0,1,1,3,1,0,2,0,1,1,1,1,0,0,0,12
SUPPLY_TOLL,UDR,16-01-2026,0,0,0,0,0,0,0,3,0,0,4,1,4,4,2,6,2,3,2,1,2,1,1,3,39
SUPPLY_MARKET,UP1,16-01-2026,0,0,0,0,0,0,0,0,0,0,0,1,4,6,4,7,9,9,3,3,2,0,0,0,48
SUPPLY_MARKET,UP2,16-01-2026,0,0,0,0,0,0,0,0,0,0,0,2,3,2,2,1,1,1,1,2,1,1,0,0,17
SUPPLY_MARKET,UP3,16-01-2026,0,0,0,0,0,0,0,0,0,0,0,2,2,1,0,8,2,2,1,0,1,1,0,0,20
SUPPLY_MARKET,UP4,16-01-2026,0,0,0,0,0,0,0,0,0,0,0,1,2,1,2,3,7,2,1,0,3,2,1,0,25
SUPPLY_MARKET,UP5,16-01-2026,0,0,0,0,0,0,0,0,0,0,1,3,5,1,1,2,3,2,2,1,0,0,0,0,21
SUPPLY_TOLL,VIJ,16-01-2026,0,0,0,0,0,0,0,1,0,1,1,1,1,0,0,0,1,2,0,0,0,0,0,0,8
SUPPLY_MARKET,WB1,16-01-2026,1,0,0,0,0,0,0,0,0,0,1,5,0,3,7,5,6,2,3,0,2,3,1,0,39
SUPPLY_MARKET,WB2,16-01-2026,0,0,0,0,0,0,0,0,1,0,0,3,0,1,2,1,1,1,0,2,0,0,1,0,13
SUPPLY_TOLL,AGR,15-01-2026,0,0,0,0,0,0,0,0,0,0,1,2,1,1,1,3,2,2,0,2,2,0,0,0,17
SUPPLY_TOLL,AHD,15-01-2026,0,0,0,0,0,0,0,0,0,2,1,1,4,2,3,3,3,4,6,5,1,1,1,1,38
SUPPLY_TOLL,AMR,15-01-2026,0,0,0,0,0,0,0,0,0,0,0,1,1,2,3,2,6,3,5,1,2,0,0,0,26
SUPPLY_MARKET,AP1,15-01-2026,0,0,0,0,0,0,0,0,0,1,1,0,0,3,0,0,0,1,1,0,0,0,0,0,7
SUPPLY_MARKET,AP2,15-01-2026,0,0,0,0,0,0,0,0,1,1,0,1,4,1,1,1,2,0,0,3,1,0,0,0,16
SUPPLY_TOLL,BHU,15-01-2026,0,0,0,0,0,0,0,1,0,4,3,6,2,3,4,2,5,6,6,3,5,3,0,0,53
SUPPLY_TOLL,BLR,15-01-2026,0,0,0,0,0,0,0,0,0,0,1,1,1,1,1,0,0,1,0,0,0,0,0,0,6
SUPPLY_MARKET,BR1,15-01-2026,0,0,0,0,0,0,0,0,0,1,1,2,2,5,3,1,2,4,2,0,0,0,3,0,26
SUPPLY_MARKET,BR2,15-01-2026,0,0,0,0,0,0,0,0,0,1,0,2,1,3,1,2,3,1,0,0,1,0,0,0,15
SUPPLY_MARKET,CG1,15-01-2026,0,0,0,0,0,0,0,0,0,0,1,5,1,2,3,3,3,3,0,1,0,1,0,0,23
SUPPLY_MARKET,CG2,15-01-2026,0,0,1,0,0,0,0,0,0,0,1,1,7,3,0,1,0,2,3,3,0,1,0,0,23
SUPPLY_TOLL,CHE,15-01-2026,0,0,0,0,0,0,0,0,0,0,2,1,0,1,0,0,1,0,0,2,0,1,0,0,8
SUPPLY_TOLL,COI,15-01-2026,2,2,0,1,0,0,0,0,1,1,1,2,1,2,5,2,0,1,0,0,1,1,0,0,23
SUPPLY_MARKET,DEL,15-01-2026,0,0,0,0,0,0,0,0,0,0,1,3,2,6,4,5,7,8,5,1,6,3,0,1,52
SUPPLY_MARKET,GJ1,15-01-2026,0,0,0,0,0,0,0,0,0,0,0,1,1,1,0,1,0,0,4,1,0,2,1,0,12
SUPPLY_MARKET,GJ2,15-01-2026,0,0,0,0,0,0,0,0,0,0,0,1,2,1,2,1,1,5,3,3,0,0,1,0,20
SUPPLY_MARKET,HPJK,15-01-2026,0,0,0,0,0,0,1,0,0,1,0,2,5,4,4,6,1,5,4,2,0,1,0,0,36
SUPPLY_MARKET,HR,15-01-2026,0,0,0,0,0,0,0,0,0,0,1,2,6,4,3,2,5,4,2,1,1,0,0,0,31
SUPPLY_TOLL,HUB,15-01-2026,0,0,0,0,0,0,0,0,1,0,0,2,0,2,0,2,0,0,1,1,1,1,1,0,12
SUPPLY_TOLL,HYD,15-01-2026,0,0,0,0,0,0,0,1,0,1,0,0,0,0,1,1,1,0,0,0,1,3,0,0,9
SUPPLY_TOLL,JAI,15-01-2026,0,1,0,1,0,0,0,0,1,2,2,4,5,5,3,1,3,3,2,9,4,3,1,2,52
SUPPLY_MARKET,JH,15-01-2026,1,0,0,0,0,0,0,0,0,0,3,1,2,5,4,2,1,4,1,2,1,0,0,0,27
SUPPLY_MARKET,KA1,15-01-2026,0,0,0,0,0,0,0,0,0,0,1,0,3,0,1,5,1,1,0,0,0,0,0,0,12
SUPPLY_MARKET,KA2,15-01-2026,1,0,0,0,0,0,0,1,0,0,0,2,2,4,3,2,4,3,2,1,4,0,0,1,30
SUPPLY_TOLL,KOL,15-01-2026,1,1,0,0,0,0,0,1,1,1,1,1,2,6,1,2,1,2,3,1,2,7,6,1,41
SUPPLY_TOLL,LKW,15-01-2026,0,1,0,0,0,0,0,0,2,5,4,3,1,6,1,2,1,4,0,2,0,1,1,2,36
SUPPLY_MARKET,MH1,15-01-2026,1,0,3,0,0,0,0,0,0,0,0,0,1,4,2,1,1,2,1,0,0,0,0,0,16
SUPPLY_MARKET,MH2,15-01-2026,0,0,0,0,0,0,0,0,0,0,1,1,0,2,4,2,0,2,2,1,0,1,0,0,16
SUPPLY_MARKET,MH3,15-01-2026,0,0,0,0,0,0,0,0,0,0,0,1,2,9,5,1,0,2,1,1,0,1,0,0,23
SUPPLY_MARKET,MH4,15-01-2026,0,0,0,0,0,0,0,0,0,0,0,0,1,4,0,1,2,0,1,1,3,2,0,0,15
SUPPLY_TOLL,MP,15-01-2026,0,0,0,0,0,0,0,0,1,0,1,4,1,5,0,5,0,4,2,4,3,1,0,0,31
SUPPLY_MARKET,MP1,15-01-2026,0,0,0,0,0,0,0,0,1,2,1,0,4,5,2,4,1,2,2,1,1,2,1,1,30
SUPPLY_MARKET,MP2,15-01-2026,0,0,0,0,0,0,0,0,0,0,0,0,3,0,2,5,3,3,5,1,1,1,0,0,24
CHANNEL_PARTNER,MPCG,15-01-2026,0,0,0,0,0,0,0,0,0,0,0,0,0,0,0,0,0,0,0,0,1,0,0,0,1
FINANCIAL_SERVICES,Maharashtra,15-01-2026,0,0,0,0,0,0,0,0,0,0,0,0,0,0,0,0,1,0,0,0,0,0,0,0,1
SUPPLY_TOLL,NAG,15-01-2026,0,0,0,0,0,0,0,0,0,0,2,1,2,1,3,4,1,0,1,3,1,0,1,1,21
SUPPLY_MARKET,NCR,15-01-2026,0,0,0,0,0,0,0,0,0,0,0,1,3,1,2,1,2,3,2,0,1,0,1,0,17
SUPPLY_MARKET,NE,15-01-2026,0,0,0,0,0,0,0,0,1,1,0,0,1,2,2,2,4,4,0,3,1,2,1,0,24
SUPPLY_MARKET,OR1,15-01-2026,0,0,0,0,0,0,0,0,0,1,0,3,1,0,0,1,2,1,0,5,0,0,0,0,14
SUPPLY_MARKET,OR2,15-01-2026,0,0,0,0,0,0,0,0,0,2,0,6,3,1,1,1,0,1,3,1,3,1,0,0,23
SUPPLY_TOLL,PAT,15-01-2026,1,0,0,0,0,0,0,1,4,1,1,4,2,0,1,2,3,5,2,3,2,4,2,2,40
SUPPLY_MARKET,PBHR,15-01-2026,0,0,0,0,0,0,0,0,0,2,0,1,2,2,2,1,5,3,3,1,0,0,0,0,22
SUPPLY_TOLL,PUN,15-01-2026,0,0,0,0,1,0,0,0,1,1,0,1,0,2,3,0,1,2,1,2,1,0,1,0,17
SUPPLY_TOLL,RAI,15-01-2026,2,0,0,0,0,0,0,1,1,4,5,2,1,5,4,5,1,3,4,3,3,0,0,1,45
SUPPLY_MARKET,RJ1,15-01-2026,0,0,0,0,0,0,0,0,0,0,1,2,6,1,3,4,3,6,1,2,1,1,0,0,31
SUPPLY_MARKET,RJ2,15-01-2026,0,0,0,0,0,0,0,0,0,0,0,1,1,10,8,4,4,3,1,1,0,1,0,0,34
SUPPLY_MARKET,RJ3,15-01-2026,0,0,0,0,0,0,0,0,0,0,1,3,3,2,3,5,3,4,1,2,3,3,2,0,35
SUPPLY_MARKET,RJ4,15-01-2026,0,0,0,0,0,0,0,0,0,0,0,1,4,4,4,6,1,2,1,1,1,3,0,0,28
SUPPLY_TOLL,ROK,15-01-2026,0,0,0,0,0,0,0,0,0,3,0,0,2,0,1,4,5,1,3,4,0,0,2,0,25
SUPPLY_TOLL,SUR,15-01-2026,0,0,0,0,0,0,0,0,0,0,0,1,1,0,1,0,1,3,1,0,0,0,0,0,8
SUPPLY_MARKET,TN1,15-01-2026,0,0,0,0,0,0,0,0,0,0,0,0,0,1,0,0,0,1,0,0,0,0,1,0,3
SUPPLY_MARKET,TN2,15-01-2026,0,0,0,0,0,0,1,0,0,2,0,1,1,9,0,0,0,1,0,0,1,1,0,0,17
SUPPLY_MARKET,TN3,15-01-2026,0,0,0,0,0,0,0,0,0,0,0,0,2,1,0,0,0,1,0,1,0,0,0,0,5
SUPPLY_MARKET,TN4,15-01-2026,0,0,0,0,0,0,0,0,0,0,0,0,0,0,1,0,0,1,0,1,0,0,0,0,3
CHANNEL_PARTNER,TNKN,15-01-2026,0,0,0,0,0,0,0,0,0,0,0,0,1,0,0,1,0,1,1,0,0,0,0,0,4
SUPPLY_MARKET,TS1,15-01-2026,0,0,0,0,0,0,0,0,0,0,0,2,1,1,1,1,0,1,4,0,0,0,0,0,11
SUPPLY_MARKET,TS2,15-01-2026,0,0,0,0,0,0,0,0,0,0,0,0,0,1,0,0,0,0,0,0,0,0,0,0,1
SUPPLY_TOLL,UDR,15-01-2026,0,0,0,0,0,0,0,0,0,0,2,0,4,7,6,7,1,3,11,7,1,1,8,0,58
SUPPLY_MARKET,UP1,15-01-2026,0,0,0,0,0,0,0,0,1,1,0,1,2,3,3,3,4,5,2,2,1,4,0,1,33
SUPPLY_MARKET,UP2,15-01-2026,0,0,0,0,0,0,0,0,1,1,3,1,1,3,6,2,3,0,1,2,1,0,1,0,26
SUPPLY_MARKET,UP3,15-01-2026,0,0,0,0,0,0,0,0,0,0,0,1,1,3,0,0,0,0,2,0,0,0,0,0,7
SUPPLY_MARKET,UP4,15-01-2026,0,0,0,0,0,0,0,0,0,0,3,1,1,4,2,2,5,8,0,0,0,1,0,0,27
SUPPLY_MARKET,UP5,15-01-2026,0,0,0,0,0,0,0,1,0,0,0,1,4,0,4,5,4,0,0,0,0,0,0,0,19
SUPPLY_TOLL,VIJ,15-01-2026,0,0,0,0,0,0,1,0,0,0,0,1,0,1,1,0,1,0,2,2,0,0,0,0,9
SUPPLY_MARKET,WB1,15-01-2026,0,0,0,0,0,0,0,0,0,0,0,3,1,4,5,5,0,4,5,2,0,0,0,7,36
SUPPLY_MARKET,WB2,15-01-2026,0,0,0,0,0,0,0,0,0,2,0,1,3,1,4,0,2,0,2,1,1,1,1,0,19
SUPPLY_TOLL,AGR,14-01-2026,0,0,0,0,0,0,0,0,0,0,6,3,2,2,6,4,5,3,2,4,2,2,1,0,42
SUPPLY_TOLL,AHD,14-01-2026,0,0,0,0,0,0,0,0,0,0,0,0,3,1,0,0,1,1,2,2,2,0,0,0,12
SUPPLY_TOLL,AMR,14-01-2026,1,0,0,0,0,0,0,0,4,0,0,3,0,1,0,2,3,0,1,1,1,2,0,0,19
SUPPLY_MARKET,AP1,14-01-2026,0,0,0,0,0,0,0,0,0,0,0,3,1,2,5,2,0,1,0,0,1,1,0,0,16
SUPPLY_MARKET,AP2,14-01-2026,0,0,0,0,0,0,0,0,0,0,3,0,3,4,1,1,1,2,1,3,2,0,0,0,21
SUPPLY_TOLL,BHU,14-01-2026,0,0,1,0,0,1,3,1,0,0,2,2,2,0,5,11,1,5,3,1,9,3,2,0,52
SUPPLY_TOLL,BLR,14-01-2026,1,0,0,0,0,0,0,0,0,0,0,2,1,1,0,3,0,1,0,0,1,1,0,0,11
SUPPLY_MARKET,BR1,14-01-2026,0,0,0,0,0,0,0,0,0,0,0,1,0,2,0,2,1,1,3,1,2,0,0,0,13
SUPPLY_MARKET,BR2,14-01-2026,0,0,0,0,0,0,0,0,0,0,0,1,2,3,0,1,1,0,0,0,0,1,0,0,9
SUPPLY_MARKET,CG1,14-01-2026,0,0,0,0,0,0,0,0,0,0,3,4,9,3,6,9,1,1,1,1,0,0,0,0,38
SUPPLY_MARKET,CG2,14-01-2026,0,0,0,0,0,0,0,0,0,0,0,1,2,0,2,2,3,2,0,2,0,0,0,0,14
SUPPLY_TOLL,CHE,14-01-2026,0,1,1,0,0,0,0,0,0,0,2,4,2,3,1,1,1,0,2,0,0,2,0,0,20
SUPPLY_TOLL,COI,14-01-2026,0,0,0,0,0,0,0,0,1,1,2,2,0,1,2,2,4,1,0,11,1,0,6,4,38
SUPPLY_MARKET,DEL,14-01-2026,1,0,0,0,0,0,0,1,1,2,4,2,2,4,9,9,4,3,7,9,1,4,2,1,66
SUPPLY_MARKET,GJ1,14-01-2026,0,0,0,0,0,0,0,0,0,0,1,0,0,2,0,0,0,1,0,0,0,0,0,0,4
SUPPLY_MARKET,GJ2,14-01-2026,0,0,0,0,0,0,0,0,0,0,1,1,1,0,0,0,1,1,0,1,1,1,1,0,9
SUPPLY_MARKET,HPJK,14-01-2026,0,0,0,0,0,0,0,0,0,0,1,1,3,1,2,3,2,3,1,1,1,0,0,1,20
SUPPLY_MARKET,HR,14-01-2026,0,0,0,0,0,0,0,0,0,0,0,0,3,6,4,2,2,5,2,2,0,0,0,0,26
SUPPLY_TOLL,HUB,14-01-2026,0,0,0,0,0,0,0,0,1,2,1,3,0,1,2,0,0,2,3,1,0,1,0,0,17
SUPPLY_TOLL,HYD,14-01-2026,0,0,0,0,0,0,0,0,0,1,0,0,1,1,0,1,1,0,0,0,2,0,0,0,7
SUPPLY_TOLL,JAI,14-01-2026,1,0,0,0,0,0,0,0,0,1,2,8,1,1,5,2,1,7,1,2,1,2,0,0,35
SUPPLY_MARKET,JH,14-01-2026,0,0,0,0,0,0,0,0,0,1,0,1,3,6,7,1,0,3,1,2,0,1,2,0,28
SUPPLY_MARKET,KA1,14-01-2026,0,0,0,0,0,0,0,0,0,0,0,1,2,1,0,2,0,1,1,0,0,0,0,0,8
SUPPLY_MARKET,KA2,14-01-2026,0,0,0,0,0,1,0,0,0,0,0,1,0,3,2,2,0,4,2,0,0,1,0,0,16
SUPPLY_TOLL,KOL,14-01-2026,1,0,0,0,0,0,0,0,0,1,2,2,5,0,3,2,1,8,5,3,4,1,1,1,40
SUPPLY_TOLL,LKW,14-01-2026,0,0,0,0,0,1,0,1,0,4,9,7,2,1,4,0,1,3,3,5,3,12,0,2,58
SUPPLY_MARKET,MH1,14-01-2026,0,0,0,0,0,0,0,0,0,1,4,2,2,5,3,8,1,4,3,0,0,0,1,2,36
SUPPLY_MARKET,MH2,14-01-2026,0,0,0,0,0,0,0,0,0,0,4,2,2,4,2,4,4,0,0,1,1,1,0,0,25
SUPPLY_MARKET,MH3,14-01-2026,0,0,0,0,0,0,0,0,0,0,2,1,0,4,0,1,2,1,4,4,1,1,1,0,22
SUPPLY_MARKET,MH4,14-01-2026,0,0,0,0,0,0,0,0,0,0,2,1,3,3,8,5,1,3,1,3,3,1,1,0,35
SUPPLY_TOLL,MP,14-01-2026,1,0,0,0,0,0,0,0,0,0,1,0,0,4,1,5,2,4,5,4,0,2,0,0,29
SUPPLY_MARKET,MP1,14-01-2026,0,0,0,0,0,0,0,0,0,0,1,0,1,5,3,5,0,1,7,5,0,0,1,0,29
SUPPLY_MARKET,MP2,14-01-2026,0,0,0,0,0,0,2,0,0,0,0,1,1,0,2,1,2,0,2,1,0,1,0,0,13
CHANNEL_PARTNER,MPCGGJ,14-01-2026,0,0,0,0,0,0,0,0,0,0,0,0,0,0,0,0,1,0,0,0,0,0,0,0,1
FINANCIAL_SERVICES,Maharashtra,14-01-2026,0,0,0,0,0,0,0,0,0,0,0,0,0,0,0,0,1,0,0,0,0,0,0,0,1
SUPPLY_TOLL,NAG,14-01-2026,0,0,0,0,0,0,0,0,0,0,3,1,3,2,6,3,4,2,1,0,1,1,0,0,27
SUPPLY_MARKET,NCR,14-01-2026,0,0,0,0,0,0,0,0,0,0,0,2,0,0,3,2,2,1,0,1,1,1,0,3,16
SUPPLY_MARKET,NE,14-01-2026,0,0,0,0,0,0,0,0,0,0,0,2,2,6,0,0,0,0,0,0,0,0,0,0,10
SUPPLY_MARKET,OR1,14-01-2026,0,0,0,0,0,0,0,0,0,0,0,1,6,1,1,0,1,0,4,2,0,2,1,1,20
SUPPLY_MARKET,OR2,14-01-2026,0,0,0,0,0,0,0,0,1,0,1,0,2,2,0,3,1,2,1,3,3,0,0,0,19
SUPPLY_TOLL,PAT,14-01-2026,0,1,0,0,0,0,0,0,2,0,2,1,3,3,1,1,3,1,2,2,1,0,0,0,23
SUPPLY_MARKET,PBHR,14-01-2026,0,0,0,0,0,0,0,0,1,0,1,2,8,3,4,0,3,0,0,1,1,1,2,0,27
SUPPLY_TOLL,PUN,14-01-2026,0,0,0,0,0,0,0,0,1,1,1,2,5,1,1,3,2,0,2,4,1,1,1,0,26
SUPPLY_TOLL,RAI,14-01-2026,0,2,0,0,0,0,1,0,2,1,2,4,5,2,3,4,3,1,6,3,5,0,0,0,44
SUPPLY_MARKET,RJ1,14-01-2026,0,0,0,0,0,0,0,1,0,0,0,1,1,2,1,0,2,1,2,1,0,0,0,1,13
SUPPLY_MARKET,RJ2,14-01-2026,0,0,0,0,0,0,0,0,1,2,0,0,4,5,2,4,1,1,2,1,0,0,0,0,23
SUPPLY_MARKET,RJ3,14-01-2026,0,0,0,0,0,0,1,0,0,0,5,1,4,10,7,2,2,5,11,2,3,0,0,1,54
SUPPLY_MARKET,RJ4,14-01-2026,0,0,0,0,0,0,0,0,0,1,1,3,4,2,4,4,2,2,1,0,0,0,0,2,26
CHANNEL_PARTNER,RJHR,14-01-2026,0,0,0,0,0,0,0,0,0,0,0,0,0,0,1,0,0,0,0,0,0,0,0,0,1
SUPPLY_TOLL,ROK,14-01-2026,0,0,0,0,1,0,0,0,0,0,1,2,1,2,0,3,3,3,1,0,2,0,0,0,19
SUPPLY_TOLL,SUR,14-01-2026,0,0,0,0,0,0,0,0,0,1,1,0,1,0,0,0,0,0,2,0,0,0,0,0,5
SUPPLY_MARKET,TN1,14-01-2026,0,0,0,0,0,0,0,0,0,0,0,1,0,0,7,0,0,0,0,0,1,0,0,0,9
SUPPLY_MARKET,TN2,14-01-2026,0,0,0,0,0,0,0,1,0,1,0,4,0,2,1,3,4,4,4,1,1,1,0,0,27
SUPPLY_MARKET,TN3,14-01-2026,0,0,0,0,0,0,0,0,0,1,0,1,3,3,0,0,2,3,1,0,0,0,0,0,14
SUPPLY_MARKET,TN4,14-01-2026,0,0,0,0,0,0,0,0,0,0,0,0,0,0,1,1,0,0,1,0,0,0,0,0,3
CHANNEL_PARTNER,TNKN,14-01-2026,0,0,0,0,0,0,0,0,0,0,0,1,0,0,0,0,0,0,0,0,0,0,0,0,1
SUPPLY_MARKET,TS1,14-01-2026,0,0,0,0,0,0,0,0,0,0,0,2,4,2,2,0,0,0,0,0,0,0,0,0,10
SUPPLY_MARKET,TS2,14-01-2026,0,0,0,0,0,0,0,0,1,3,1,0,1,0,4,2,0,1,1,0,0,0,0,0,14
SUPPLY_TOLL,UDR,14-01-2026,0,1,0,0,0,0,0,0,0,3,2,4,0,2,1,1,2,1,1,2,0,2,0,1,23
SUPPLY_MARKET,UP1,14-01-2026,0,0,0,0,0,0,0,0,0,0,1,1,0,4,6,5,8,7,4,2,2,3,4,0,47
SUPPLY_MARKET,UP2,14-01-2026,0,0,0,0,0,0,0,0,0,1,0,1,1,0,3,4,4,2,3,2,0,1,0,0,22
SUPPLY_MARKET,UP3,14-01-2026,0,0,0,0,0,0,0,0,0,0,0,3,3,3,5,0,0,4,1,0,1,1,1,0,22
SUPPLY_MARKET,UP4,14-01-2026,0,0,0,0,0,0,0,0,0,0,1,1,1,5,5,1,5,3,1,3,2,0,0,0,28
SUPPLY_MARKET,UP5,14-01-2026,0,0,0,0,0,0,0,0,0,0,2,1,0,3,2,3,7,0,2,1,0,1,0,0,22
SUPPLY_TOLL,VIJ,14-01-2026,0,0,0,0,0,0,0,1,1,1,0,3,0,1,1,2,2,3,3,0,2,1,0,0,21
SUPPLY_MARKET,WB1,14-01-2026,0,0,0,0,0,0,0,0,1,0,3,5,4,3,2,3,5,0,1,4,1,1,0,0,33
SUPPLY_MARKET,WB2,14-01-2026,0,0,0,0,0,0,0,0,0,1,3,2,1,3,4,3,1,2,1,1,0,0,0,1,23
SUPPLY_TOLL,AGR,13-01-2026,1,0,0,0,0,1,0,1,2,0,1,2,3,5,8,7,2,2,4,3,5,2,2,0,51
SUPPLY_TOLL,AHD,13-01-2026,0,0,0,0,0,0,0,0,0,0,0,3,2,1,6,1,1,3,2,1,0,3,1,0,24
SUPPLY_TOLL,AMR,13-01-2026,0,0,0,0,0,0,0,0,0,2,1,0,0,2,0,3,1,3,3,1,2,4,0,0,22
SUPPLY_MARKET,AP1,13-01-2026,0,0,0,0,0,0,0,0,0,1,1,5,2,3,2,2,1,2,2,1,2,0,1,0,25
SUPPLY_MARKET,AP2,13-01-2026,0,0,0,0,0,0,0,0,0,0,0,4,1,0,2,1,1,1,0,1,2,0,0,0,13
SUPPLY_TOLL,BHU,13-01-2026,0,1,1,0,0,0,0,0,2,1,3,2,3,6,3,1,5,10,8,2,7,1,1,6,63
SUPPLY_TOLL,BLR,13-01-2026,0,0,0,0,0,0,0,0,0,0,1,0,0,0,0,1,0,1,1,1,2,0,0,1,8
SUPPLY_MARKET,BR1,13-01-2026,0,0,0,0,0,0,0,0,0,1,0,2,0,1,2,2,2,1,1,3,0,0,0,0,15
SUPPLY_MARKET,BR2,13-01-2026,0,0,0,0,0,0,0,0,0,0,1,0,0,1,0,1,1,1,0,0,0,1,0,0,6
SUPPLY_MARKET,CG1,13-01-2026,0,0,0,0,0,0,0,0,0,0,0,4,2,5,4,2,3,1,1,3,0,0,0,0,25
SUPPLY_MARKET,CG2,13-01-2026,0,0,0,0,0,0,0,0,0,0,0,3,5,0,1,1,1,0,4,1,2,0,0,1,19
SUPPLY_TOLL,CHE,13-01-2026,0,0,0,1,0,0,1,0,1,0,7,7,4,1,1,1,2,0,3,2,0,0,0,0,31
SUPPLY_TOLL,COI,13-01-2026,0,0,0,0,0,0,2,1,0,0,2,3,0,1,1,4,4,4,4,1,3,2,2,0,34
SUPPLY_MARKET,DEL,13-01-2026,0,1,0,0,0,0,0,0,1,1,1,5,6,7,4,11,2,10,9,4,2,1,0,0,65
SUPPLY_MARKET,GJ1,13-01-2026,0,0,0,0,0,0,0,0,0,0,1,1,3,2,1,0,0,0,0,1,2,0,0,0,11
SUPPLY_MARKET,GJ2,13-01-2026,1,0,0,0,0,0,0,0,0,1,1,2,4,1,3,0,1,3,2,4,3,0,2,0,28
CHANNEL_PARTNER,GJRJ,13-01-2026,0,0,0,0,0,0,0,0,0,0,0,0,0,0,0,0,0,0,1,0,0,0,0,0,1
SUPPLY_MARKET,HPJK,13-01-2026,0,0,0,0,0,0,0,0,0,0,2,1,1,3,4,4,3,1,2,1,1,0,0,0,23
SUPPLY_MARKET,HR,13-01-2026,0,0,0,0,0,0,0,0,0,0,1,1,4,4,5,6,3,4,1,1,0,1,0,0,31
SUPPLY_TOLL,HUB,13-01-2026,0,0,0,0,0,0,0,0,1,2,1,2,1,1,0,2,0,3,2,1,1,1,1,0,19
SUPPLY_TOLL,HYD,13-01-2026,0,0,0,0,0,0,0,1,1,0,3,2,1,1,2,1,3,2,0,2,1,2,0,0,22
SUPPLY_TOLL,JAI,13-01-2026,0,0,1,0,0,0,0,0,1,2,3,5,2,1,3,3,5,2,4,2,1,2,2,0,39
SUPPLY_MARKET,JH,13-01-2026,0,0,0,0,0,0,0,0,1,0,2,0,0,3,4,2,2,1,0,2,2,0,0,0,19
SUPPLY_MARKET,KA1,13-01-2026,0,0,0,0,0,0,0,0,0,0,2,0,0,1,2,1,2,2,2,0,0,2,1,0,15
SUPPLY_MARKET,KA2,13-01-2026,0,0,0,0,0,0,0,1,0,0,0,0,3,1,2,2,0,4,6,5,2,0,0,1,27
SUPPLY_TOLL,KOL,13-01-2026,0,1,0,0,0,1,0,0,3,2,1,6,5,3,1,3,4,5,3,2,7,4,7,1,59
SUPPLY_TOLL,LKW,13-01-2026,1,0,0,0,0,0,0,0,1,8,1,5,4,0,3,4,4,3,3,7,2,1,1,2,50
SUPPLY_MARKET,MH1,13-01-2026,0,0,0,0,0,0,0,0,0,0,5,2,2,1,3,2,3,7,2,2,6,0,0,0,35
SUPPLY_MARKET,MH2,13-01-2026,0,0,0,0,0,0,0,0,0,0,0,2,3,1,3,4,3,0,4,1,2,0,1,0,24
SUPPLY_MARKET,MH3,13-01-2026,0,0,0,0,0,0,0,0,0,0,2,3,1,1,2,0,2,1,1,1,0,0,3,0,17
SUPPLY_MARKET,MH4,13-01-2026,0,0,0,0,0,0,0,0,0,0,0,0,1,4,0,2,3,1,4,4,2,0,0,0,21
SUPPLY_TOLL,MP,13-01-2026,1,1,0,0,0,0,0,0,1,0,0,4,4,5,7,4,5,3,9,1,1,0,2,0,48
SUPPLY_MARKET,MP1,13-01-2026,0,0,0,0,0,0,0,0,0,1,0,2,5,4,2,4,2,1,2,1,0,1,0,0,25
SUPPLY_MARKET,MP2,13-01-2026,0,0,0,0,0,0,0,0,0,0,0,3,3,1,2,1,0,1,1,1,0,1,0,0,14
SUPPLY_TOLL,NAG,13-01-2026,1,1,0,0,0,0,0,0,0,1,1,3,6,2,2,0,4,4,5,2,2,0,0,0,34
SUPPLY_MARKET,NCR,13-01-2026,1,0,0,0,0,0,0,0,0,0,0,1,4,1,5,1,1,1,2,0,1,0,0,0,18
SUPPLY_MARKET,NE,13-01-2026,0,0,0,0,0,0,0,0,0,0,1,0,0,0,5,0,1,0,0,1,0,0,0,0,8
SUPPLY_MARKET,OR1,13-01-2026,0,0,0,0,0,0,0,0,0,1,0,0,1,5,0,1,2,1,1,1,0,0,2,0,15
SUPPLY_MARKET,OR2,13-01-2026,0,0,0,0,0,0,0,1,0,0,0,0,3,3,2,0,0,0,1,2,1,0,0,0,13
SUPPLY_TOLL,PAT,13-01-2026,0,0,0,0,0,0,0,2,0,1,1,2,3,2,3,1,5,3,5,1,2,2,1,2,36
SUPPLY_MARKET,PBHR,13-01-2026,0,0,0,0,0,0,0,0,0,0,1,1,6,5,5,1,0,3,1,2,1,0,0,0,26
SUPPLY_TOLL,PUN,13-01-2026,0,1,0,0,0,0,2,0,4,1,2,1,2,0,0,1,3,5,4,3,1,1,2,0,33
SUPPLY_TOLL,RAI,13-01-2026,2,0,0,0,0,0,0,1,0,5,3,4,1,1,4,7,14,2,4,4,4,0,2,2,60
SUPPLY_MARKET,RJ1,13-01-2026,0,0,0,0,0,0,0,0,0,0,2,5,2,3,1,3,5,0,3,4,0,7,0,0,35
SUPPLY_MARKET,RJ2,13-01-2026,0,0,0,0,0,0,0,0,0,0,2,3,0,5,4,2,6,1,1,0,0,0,0,0,24
SUPPLY_MARKET,RJ3,13-01-2026,0,0,0,0,0,0,0,0,0,0,0,3,1,4,0,2,8,5,4,2,2,0,0,0,31
SUPPLY_MARKET,RJ4,13-01-2026,0,0,0,0,0,0,0,0,0,0,1,2,4,4,7,2,4,3,3,1,4,3,1,0,39
CHANNEL_PARTNER,RJHR,13-01-2026,0,0,0,0,0,0,0,0,0,0,0,0,0,0,0,0,0,0,0,1,0,0,0,0,1
SUPPLY_TOLL,ROK,13-01-2026,0,0,0,0,0,0,0,0,0,3,2,1,1,1,4,1,2,4,2,7,0,0,0,0,28
SUPPLY_TOLL,SUR,13-01-2026,0,0,0,0,0,0,0,0,0,1,0,1,2,3,2,1,2,1,0,0,0,0,0,0,13
SUPPLY_MARKET,TN1,13-01-2026,0,0,0,0,0,0,0,0,0,0,1,4,3,1,0,1,1,2,3,3,0,0,0,0,19
SUPPLY_MARKET,TN2,13-01-2026,0,0,0,0,0,0,0,0,0,1,1,3,0,9,2,1,3,1,0,2,0,1,0,0,24
SUPPLY_MARKET,TN3,13-01-2026,0,0,0,0,0,0,0,0,0,0,3,0,1,5,1,1,1,3,3,0,1,0,0,0,19
SUPPLY_MARKET,TN4,13-01-2026,0,0,0,0,0,0,0,0,1,1,0,0,1,0,0,0,0,1,0,0,0,0,0,0,4
CHANNEL_PARTNER,TNKN,13-01-2026,0,0,0,0,0,0,0,0,0,0,0,0,0,0,1,0,0,0,0,0,0,0,0,0,1
SUPPLY_MARKET,TS1,13-01-2026,0,0,0,0,0,0,0,0,0,0,1,1,1,16,1,2,3,3,1,4,1,0,0,0,34
SUPPLY_MARKET,TS2,13-01-2026,0,0,0,0,0,0,0,0,0,2,1,1,5,3,4,0,0,1,2,6,3,0,1,1,30
SUPPLY_TOLL,UDR,13-01-2026,0,0,0,0,0,0,0,0,1,1,6,3,1,1,1,1,2,4,6,2,3,3,0,1,36
CHANNEL_PARTNER,UP,13-01-2026,0,0,0,0,0,0,0,0,0,0,0,0,0,0,0,0,1,0,0,0,0,0,0,0,1
SUPPLY_MARKET,UP1,13-01-2026,0,0,0,0,0,0,0,0,0,0,2,3,4,4,3,6,2,1,1,2,0,0,0,0,28
SUPPLY_MARKET,UP2,13-01-2026,0,0,0,0,0,1,0,0,0,0,1,1,2,2,1,1,1,1,1,0,1,0,0,0,13
SUPPLY_MARKET,UP3,13-01-2026,0,0,0,0,0,0,0,0,0,0,2,0,4,0,0,4,1,0,0,0,0,1,0,0,12
SUPPLY_MARKET,UP4,13-01-2026,0,0,0,0,0,0,0,0,0,2,0,2,9,6,4,4,4,2,1,0,1,0,1,0,36
SUPPLY_MARKET,UP5,13-01-2026,0,0,0,0,0,0,0,0,0,0,0,0,0,2,1,1,1,0,2,1,0,0,0,0,8
SUPPLY_TOLL,VIJ,13-01-2026,0,0,1,0,1,0,0,0,1,0,0,1,2,3,6,4,3,3,0,0,1,2,0,1,29
SUPPLY_MARKET,WB1,13-01-2026,0,0,0,0,0,0,0,0,0,0,0,1,4,13,5,3,4,1,4,2,0,1,0,0,38
SUPPLY_MARKET,WB2,13-01-2026,0,0,0,0,0,0,0,0,0,0,0,1,2,0,0,0,0,2,1,0,2,3,1,0,12
SUPPLY_TOLL,AGR,12-01-2026,0,0,0,0,0,0,0,0,2,1,0,0,3,1,7,5,12,6,7,7,5,0,4,0,60
SUPPLY_TOLL,AHD,12-01-2026,0,0,0,0,0,0,0,0,0,0,0,2,4,3,1,1,3,1,1,0,1,2,0,0,19
SUPPLY_TOLL,AMR,12-01-2026,0,0,0,0,0,0,0,0,0,0,5,1,2,0,5,2,0,0,1,1,0,1,0,0,18
SUPPLY_MARKET,AP1,12-01-2026,0,0,0,0,0,0,0,2,0,1,2,2,4,0,1,2,5,3,1,2,0,1,0,0,26
SUPPLY_MARKET,AP2,12-01-2026,0,0,0,0,0,0,0,0,1,2,0,2,0,3,2,0,7,3,4,6,2,0,0,0,32
SUPPLY_TOLL,BHU,12-01-2026,0,0,0,0,0,0,0,2,2,1,1,2,5,1,12,3,14,1,2,3,3,1,2,0,55
SUPPLY_TOLL,BLR,12-01-2026,0,0,0,0,0,0,0,0,0,0,1,0,0,2,2,0,1,0,0,1,1,0,1,6,15
SUPPLY_MARKET,BR1,12-01-2026,0,0,0,0,0,0,0,0,1,0,0,0,0,1,0,2,2,3,2,0,0,0,0,0,11
SUPPLY_MARKET,BR2,12-01-2026,0,0,0,0,0,0,0,0,1,0,0,0,0,1,0,2,2,0,1,0,0,0,1,0,8
SUPPLY_MARKET,CG1,12-01-2026,0,0,0,0,0,0,0,0,0,0,0,2,2,1,0,1,0,3,0,0,0,0,1,0,10
SUPPLY_MARKET,CG2,12-01-2026,0,0,0,0,0,0,0,0,0,0,0,0,0,6,1,1,1,3,0,0,2,5,2,1,22
SUPPLY_TOLL,CHE,12-01-2026,1,1,0,0,0,0,0,0,0,2,1,1,2,2,0,0,1,3,1,0,1,0,0,1,17
SUPPLY_TOLL,COI,12-01-2026,1,0,0,0,0,0,0,1,0,0,1,2,5,0,3,6,1,1,4,1,3,4,3,0,36
SUPPLY_MARKET,DEL,12-01-2026,0,0,1,0,0,0,0,0,0,1,2,1,2,10,4,17,6,6,6,1,1,2,3,1,64
CHANNEL_PARTNER,DLPB,12-01-2026,0,0,0,0,0,0,0,0,0,0,0,0,0,0,1,0,0,0,0,0,0,0,0,0,1
SUPPLY_MARKET,GJ1,12-01-2026,0,0,0,0,0,0,0,0,0,0,1,0,2,0,0,3,0,3,1,1,0,0,0,0,11
SUPPLY_MARKET,GJ2,12-01-2026,0,0,0,0,0,0,0,0,0,0,1,0,2,1,2,0,0,0,1,0,1,1,4,0,13
CHANNEL_PARTNER,GJRJ,12-01-2026,0,0,0,0,0,0,0,0,0,0,0,0,0,0,2,1,0,0,0,0,0,0,0,0,3
SUPPLY_MARKET,HPJK,12-01-2026,0,0,0,0,0,0,0,0,1,3,0,0,3,2,2,1,2,4,4,3,0,0,0,0,25
SUPPLY_MARKET,HR,12-01-2026,0,0,0,0,0,0,0,0,0,0,0,3,2,3,3,4,2,3,1,1,1,1,0,0,24
SUPPLY_TOLL,HUB,12-01-2026,0,0,0,0,0,0,0,0,0,1,0,1,5,3,1,0,0,2,3,1,1,0,1,0,19
SUPPLY_TOLL,HYD,12-01-2026,0,0,0,0,0,0,0,0,0,0,1,3,3,1,3,1,1,0,2,0,1,1,1,0,18
SUPPLY_TOLL,JAI,12-01-2026,0,0,0,0,0,0,0,0,0,1,1,1,2,1,5,3,3,2,10,5,2,1,4,1,42
SUPPLY_MARKET,JH,12-01-2026,0,0,0,0,0,0,0,0,0,1,1,2,5,2,6,1,1,1,1,1,1,2,0,1,26
SUPPLY_MARKET,KA1,12-01-2026,0,0,0,1,0,0,0,0,0,0,0,2,2,0,3,2,0,0,2,0,0,0,0,0,12
SUPPLY_MARKET,KA2,12-01-2026,0,0,0,0,0,0,0,0,1,0,0,0,0,2,1,1,2,0,3,0,1,0,0,0,11
SUPPLY_TOLL,KOL,12-01-2026,1,0,2,0,0,0,0,0,0,0,2,1,2,5,4,3,4,3,4,7,1,2,3,0,44
SUPPLY_TOLL,LKW,12-01-2026,0,0,0,1,0,0,0,1,0,1,2,1,3,1,1,2,3,4,3,3,1,1,0,3,31
CHANNEL_PARTNER,MH,12-01-2026,0,0,0,0,0,0,0,0,0,0,0,0,0,0,0,1,0,0,0,0,0,0,0,0,1
SUPPLY_MARKET,MH1,12-01-2026,0,0,0,0,0,0,0,0,0,0,0,2,3,2,3,0,0,2,3,1,0,5,2,0,23
SUPPLY_MARKET,MH2,12-01-2026,0,0,0,0,0,0,0,0,0,0,0,0,1,0,0,2,4,1,1,1,2,0,0,0,12
SUPPLY_MARKET,MH3,12-01-2026,0,0,0,0,0,0,0,0,0,0,1,0,1,3,3,1,5,5,0,1,1,0,1,0,22
SUPPLY_MARKET,MH4,12-01-2026,0,0,0,0,0,0,0,0,0,0,1,3,3,1,4,1,4,1,2,2,0,1,2,0,25
SUPPLY_TOLL,MP,12-01-2026,1,0,0,0,0,0,0,0,0,1,1,1,5,1,2,4,1,2,2,1,1,1,1,1,26
SUPPLY_MARKET,MP1,12-01-2026,0,0,0,0,0,0,0,0,0,0,1,1,1,2,2,3,6,1,3,1,1,1,0,1,24
SUPPLY_MARKET,MP2,12-01-2026,0,0,0,0,0,0,0,0,0,0,0,0,2,0,1,3,1,1,2,0,1,0,0,0,11
SUPPLY_TOLL,NAG,12-01-2026,0,0,0,0,0,0,0,0,0,0,0,5,2,2,1,3,1,3,1,1,5,1,0,1,26
SUPPLY_MARKET,NCR,12-01-2026,0,0,0,0,0,0,0,0,0,0,0,0,1,2,2,1,2,4,1,1,0,1,0,0,15
SUPPLY_MARKET,NE,12-01-2026,0,0,0,0,0,0,0,0,0,0,0,2,4,1,1,0,0,0,0,4,1,2,1,0,16
SUPPLY_MARKET,OR1,12-01-2026,0,0,0,0,0,0,0,0,0,0,1,3,7,1,0,2,0,1,2,0,1,2,0,1,21
SUPPLY_MARKET,OR2,12-01-2026,0,0,0,0,0,0,0,0,0,1,2,5,4,4,3,0,0,2,4,0,1,0,0,0,26
CHANNEL_PARTNER,ORJH,12-01-2026,0,0,0,0,0,0,0,1,0,0,0,0,0,0,0,0,0,0,0,0,0,0,0,0,1
SUPPLY_TOLL,PAT,12-01-2026,0,1,0,0,0,0,0,1,1,1,2,1,5,4,2,2,4,5,2,2,4,4,0,1,42
SUPPLY_MARKET,PBHR,12-01-2026,0,0,0,0,0,0,0,0,0,1,1,3,1,2,1,1,2,4,3,2,0,0,0,0,21
SUPPLY_TOLL,PUN,12-01-2026,0,0,0,0,0,0,0,0,0,0,2,1,1,2,0,0,0,1,2,2,7,3,0,3,24
SUPPLY_TOLL,RAI,12-01-2026,2,0,0,0,0,0,0,0,2,1,1,1,6,3,4,1,3,9,6,3,0,3,0,0,45
SUPPLY_MARKET,RJ1,12-01-2026,0,0,0,0,0,0,0,0,0,0,1,0,1,2,5,3,0,2,1,2,1,0,1,0,19
SUPPLY_MARKET,RJ2,12-01-2026,0,0,0,0,0,0,0,0,0,0,0,3,1,2,3,2,2,0,1,2,0,1,0,0,17
SUPPLY_MARKET,RJ3,12-01-2026,0,0,0,0,0,0,0,0,0,1,1,2,1,3,1,1,5,2,2,4,1,0,0,0,24
SUPPLY_MARKET,RJ4,12-01-2026,0,0,0,0,0,0,0,0,0,0,0,2,2,1,5,1,4,1,3,1,2,1,0,0,23
CHANNEL_PARTNER,RJHR,12-01-2026,0,0,0,0,0,0,0,0,0,0,0,0,0,0,0,1,0,0,0,0,0,0,0,0,1
SUPPLY_TOLL,ROK,12-01-2026,0,0,1,0,0,0,0,0,0,3,1,1,0,3,3,0,4,4,4,2,1,0,0,0,27
SUPPLY_TOLL,SUR,12-01-2026,0,0,0,0,0,0,1,0,0,0,1,0,1,0,0,4,4,1,0,1,0,0,0,0,13
SUPPLY_MARKET,TN1,12-01-2026,0,0,0,0,0,0,0,0,0,0,0,1,3,3,2,5,4,10,0,0,0,0,0,0,28
SUPPLY_MARKET,TN2,12-01-2026,0,0,0,0,0,0,0,0,0,0,0,2,3,1,3,1,2,1,1,2,0,1,0,0,17
SUPPLY_MARKET,TN3,12-01-2026,0,0,0,0,0,0,0,0,0,0,0,1,0,0,2,3,1,2,2,1,0,1,1,0,14
SUPPLY_MARKET,TN4,12-01-2026,0,0,0,0,0,0,0,0,0,1,1,0,1,0,1,0,1,0,2,0,0,0,0,0,7
SUPPLY_MARKET,TS1,12-01-2026,0,0,0,0,0,0,0,0,0,0,1,1,0,3,3,0,2,0,1,1,0,2,1,5,20
SUPPLY_MARKET,TS2,12-01-2026,0,0,0,0,0,0,0,0,0,1,0,4,5,2,4,1,1,1,5,2,0,1,0,0,27
SUPPLY_TOLL,UDR,12-01-2026,1,0,0,0,0,0,0,0,0,1,3,0,3,9,0,1,1,1,4,2,1,2,0,0,29
SUPPLY_MARKET,UP1,12-01-2026,0,0,0,0,0,0,0,0,0,1,1,0,1,5,3,5,3,0,2,0,1,0,2,0,24
SUPPLY_MARKET,UP2,12-01-2026,0,0,0,0,0,0,0,0,1,0,0,0,1,1,1,3,4,3,0,2,1,0,0,1,18
SUPPLY_MARKET,UP3,12-01-2026,0,0,0,0,0,0,0,0,0,1,1,0,2,0,2,1,5,2,1,1,0,0,0,0,16
SUPPLY_MARKET,UP4,12-01-2026,0,0,0,0,0,0,0,0,0,2,0,2,2,5,2,3,4,3,4,0,2,1,1,0,31
SUPPLY_MARKET,UP5,12-01-2026,0,0,0,0,0,0,0,0,0,0,1,3,1,1,2,5,1,2,1,1,0,0,0,0,18
SUPPLY_TOLL,VIJ,12-01-2026,0,0,0,0,0,0,0,1,1,0,0,3,3,1,4,2,0,0,3,0,4,2,0,0,24
SUPPLY_MARKET,WB1,12-01-2026,0,0,0,0,0,0,0,0,1,0,0,1,0,2,0,3,0,3,2,0,1,0,0,0,13
SUPPLY_MARKET,WB2,12-01-2026,0,0,0,0,0,0,0,0,0,1,1,1,1,1,2,0,0,0,1,2,1,0,0,0,11
SUPPLY_TOLL,AGR,11-01-2026,0,0,0,0,0,0,0,0,1,1,3,0,2,1,2,1,2,2,2,2,0,1,1,1,22
SUPPLY_TOLL,AHD,11-01-2026,0,0,0,0,0,0,0,0,0,0,0,0,0,2,0,0,1,1,1,0,1,1,0,0,7
SUPPLY_TOLL,AMR,11-01-2026,0,0,0,0,0,0,0,0,0,0,2,2,0,1,0,1,3,1,1,0,0,0,1,0,12
SUPPLY_MARKET,AP1,11-01-2026,0,0,0,0,0,0,0,0,0,0,0,0,5,1,1,0,0,0,0,0,0,0,0,0,7
SUPPLY_MARKET,AP2,11-01-2026,0,0,0,0,0,0,0,1,1,0,0,0,0,0,0,2,0,0,0,1,0,0,0,0,5
SUPPLY_TOLL,BHU,11-01-2026,1,0,0,0,0,0,0,0,0,2,5,4,5,7,5,2,3,6,5,2,4,1,3,0,55
SUPPLY_TOLL,BLR,11-01-2026,0,0,0,0,0,0,0,0,0,1,0,1,0,0,0,3,1,0,0,0,0,0,1,0,7
SUPPLY_MARKET,BR1,11-01-2026,0,0,0,0,0,0,0,0,0,0,1,0,0,0,0,1,0,2,0,0,0,0,0,0,4
SUPPLY_MARKET,BR2,11-01-2026,0,0,0,0,0,0,0,0,0,0,0,0,2,0,2,1,1,0,0,0,0,0,0,0,6
CHANNEL_PARTNER,BRWBNE,11-01-2026,0,0,0,0,0,0,0,0,0,0,0,0,0,0,1,0,0,0,0,0,0,0,0,0,1
SUPPLY_MARKET,CG1,11-01-2026,0,0,0,0,0,0,0,0,0,1,0,0,0,1,0,0,1,1,0,0,0,0,0,0,4
SUPPLY_MARKET,CG2,11-01-2026,1,0,0,0,0,0,0,0,0,1,0,2,1,0,1,0,0,0,1,2,0,0,0,0,9
SUPPLY_TOLL,CHE,11-01-2026,0,0,0,1,0,0,0,0,0,3,1,1,5,1,1,1,3,1,0,0,0,0,0,0,18
SUPPLY_TOLL,COI,11-01-2026,1,0,0,0,1,0,0,1,0,0,1,1,2,1,0,1,7,2,5,5,0,1,0,0,29
SUPPLY_MARKET,DEL,11-01-2026,0,0,0,0,0,0,0,0,0,1,0,3,3,4,4,1,2,2,1,1,1,2,2,0,27
SUPPLY_MARKET,GJ1,11-01-2026,0,0,0,0,0,0,0,0,0,2,0,0,0,0,0,0,1,0,1,0,0,0,1,0,5
SUPPLY_MARKET,GJ2,11-01-2026,0,0,0,0,0,0,0,0,0,0,0,0,0,0,3,3,0,3,0,1,1,0,0,3,14
CHANNEL_PARTNER,GJRJ,11-01-2026,0,0,0,0,0,0,0,0,0,0,0,0,0,0,0,0,0,0,1,0,0,0,0,0,1
SUPPLY_MARKET,HR,11-01-2026,0,0,0,0,0,0,0,0,0,0,2,0,3,2,1,1,1,3,3,0,0,0,0,0,16
SUPPLY_TOLL,HUB,11-01-2026,0,0,0,0,0,0,0,0,2,0,0,1,0,0,1,0,1,3,2,0,1,0,0,0,11
SUPPLY_TOLL,HYD,11-01-2026,0,0,1,1,0,0,0,1,1,1,2,3,9,7,4,2,2,2,3,0,0,0,0,0,39
SUPPLY_TOLL,JAI,11-01-2026,0,0,0,0,1,0,0,0,0,3,1,5,4,3,2,2,2,2,4,3,4,2,0,0,38
SUPPLY_MARKET,JH,11-01-2026,0,0,0,0,0,0,0,0,0,0,1,3,1,0,2,4,0,1,2,0,1,1,0,0,16
SUPPLY_MARKET,KA1,11-01-2026,0,0,0,0,0,0,0,0,0,0,0,0,1,0,0,0,0,0,0,1,1,0,0,0,3
SUPPLY_MARKET,KA2,11-01-2026,0,0,0,0,0,0,0,0,0,1,0,0,2,1,1,1,2,1,0,0,1,0,1,0,11
SUPPLY_TOLL,KOL,11-01-2026,3,2,0,0,0,0,0,2,0,4,2,1,6,3,3,1,3,5,5,2,2,0,0,0,44
SUPPLY_TOLL,LKW,11-01-2026,0,1,0,0,0,0,0,1,0,0,2,1,1,3,1,3,1,1,3,3,3,1,2,0,27
SUPPLY_MARKET,MH1,11-01-2026,0,0,0,0,0,0,0,0,0,0,0,0,0,0,1,0,2,1,2,1,0,0,0,0,7
SUPPLY_MARKET,MH2,11-01-2026,0,0,0,0,0,0,0,0,0,0,2,1,4,0,0,1,0,0,0,1,0,1,0,0,10
SUPPLY_MARKET,MH3,11-01-2026,0,0,0,0,0,0,0,0,0,0,0,1,0,0,1,0,0,0,0,0,0,0,0,0,2
SUPPLY_MARKET,MH4,11-01-2026,0,1,0,0,0,0,0,0,0,1,1,0,1,1,1,2,0,2,2,0,0,1,0,2,15
SUPPLY_TOLL,MP,11-01-2026,1,0,0,0,0,0,0,0,0,0,0,1,1,4,4,5,1,5,1,0,0,0,3,1,27
SUPPLY_MARKET,MP1,11-01-2026,0,0,0,0,0,0,0,0,0,1,1,0,1,5,1,0,0,0,1,0,0,1,0,0,11
SUPPLY_MARKET,MP2,11-01-2026,0,0,0,0,0,0,0,0,0,0,0,1,3,1,0,0,0,0,1,0,0,0,0,0,6
CHANNEL_PARTNER,MPCG,11-01-2026,0,0,0,0,0,0,0,0,0,0,0,0,0,1,0,0,0,0,0,0,1,0,0,0,2
SUPPLY_TOLL,NAG,11-01-2026,0,0,0,0,1,0,0,0,1,1,1,0,0,4,1,1,2,1,7,5,2,0,1,0,28
SUPPLY_MARKET,NCR,11-01-2026,0,0,0,0,0,0,0,0,0,0,0,0,1,0,1,2,1,1,0,0,0,0,0,0,6
SUPPLY_MARKET,NE,11-01-2026,0,0,0,0,0,0,0,0,0,0,1,0,1,0,0,5,0,1,0,1,0,0,0,1,10
SUPPLY_MARKET,OR1,11-01-2026,0,0,0,0,0,0,0,0,0,0,0,0,2,0,0,1,0,1,1,0,0,0,0,0,5
SUPPLY_MARKET,OR2,11-01-2026,0,0,0,0,0,0,0,0,0,1,0,1,1,1,0,0,0,1,0,1,0,0,1,0,7
CHANNEL_PARTNER,ORJH,11-01-2026,0,0,0,0,0,0,0,0,0,0,0,0,0,1,0,0,0,0,0,0,0,0,0,0,1
SUPPLY_TOLL,PAT,11-01-2026,0,0,1,0,0,0,0,2,3,2,2,3,1,4,2,4,5,2,3,2,3,1,1,1,42
SUPPLY_MARKET,PBHR,11-01-2026,0,0,0,0,0,0,0,0,0,0,1,0,0,1,0,2,0,0,1,0,0,0,0,0,5
SUPPLY_TOLL,PUN,11-01-2026,0,0,0,1,0,0,0,0,0,0,0,1,2,1,0,1,0,3,3,2,2,3,2,1,22
SUPPLY_TOLL,RAI,11-01-2026,0,0,0,1,0,0,0,5,2,0,2,5,2,4,4,2,1,5,1,7,3,3,3,2,52
SUPPLY_MARKET,RJ1,11-01-2026,0,0,0,0,0,0,0,0,0,0,1,0,2,3,0,1,0,1,0,1,0,0,0,0,9
SUPPLY_MARKET,RJ2,11-01-2026,0,0,0,0,0,0,0,0,0,0,0,1,3,2,1,2,1,0,0,0,0,0,0,0,10
SUPPLY_MARKET,RJ3,11-01-2026,0,0,0,0,0,0,0,0,0,0,0,0,4,2,2,4,4,0,2,1,1,0,0,0,20
SUPPLY_MARKET,RJ4,11-01-2026,0,0,0,0,0,0,0,0,0,1,3,1,1,2,1,3,0,1,1,1,0,0,0,0,15
SUPPLY_TOLL,ROK,11-01-2026,0,0,0,0,0,0,0,0,0,0,0,5,2,0,0,3,2,2,0,1,1,1,0,0,17
SUPPLY_TOLL,SUR,11-01-2026,0,0,0,0,0,0,0,0,2,0,1,3,1,2,0,1,0,1,1,1,1,1,0,1,16
SUPPLY_MARKET,TN1,11-01-2026,0,0,0,0,0,0,0,0,0,0,0,1,2,0,0,0,0,0,0,0,0,0,0,0,3
SUPPLY_MARKET,TN2,11-01-2026,0,0,0,0,0,0,0,0,0,1,1,1,0,2,0,0,1,0,0,0,0,0,0,0,6
SUPPLY_MARKET,TN3,11-01-2026,0,0,0,0,0,0,0,1,2,1,0,0,0,0,1,0,0,0,0,0,0,1,0,0,6
SUPPLY_MARKET,TS1,11-01-2026,0,0,0,0,0,0,0,1,0,0,0,0,0,0,1,0,1,0,0,4,2,0,0,0,9
SUPPLY_MARKET,TS2,11-01-2026,0,0,0,0,0,0,0,0,1,0,0,2,0,2,1,1,1,0,0,0,0,0,0,0,8
SUPPLY_TOLL,UDR,11-01-2026,0,0,0,0,0,0,0,1,0,0,0,0,6,3,3,0,2,2,1,1,1,3,1,0,24
SUPPLY_MARKET,UP1,11-01-2026,0,0,0,0,0,0,0,0,0,0,0,1,1,0,0,9,0,1,1,1,0,0,0,0,14
SUPPLY_MARKET,UP2,11-01-2026,0,0,1,0,0,0,0,0,0,0,0,1,1,0,2,1,0,0,2,0,0,0,0,0,8
SUPPLY_MARKET,UP3,11-01-2026,0,0,0,0,0,0,0,0,0,0,0,0,0,1,0,1,1,0,0,3,0,0,0,0,6
SUPPLY_MARKET,UP4,11-01-2026,0,0,0,0,0,0,0,0,0,0,1,0,1,0,1,2,5,1,2,1,1,0,0,0,15
SUPPLY_MARKET,UP5,11-01-2026,0,0,0,0,0,0,0,0,0,1,0,0,1,0,0,1,1,0,0,0,0,0,0,0,4
SUPPLY_TOLL,VIJ,11-01-2026,0,0,0,0,0,0,0,0,2,0,2,4,1,0,0,2,1,0,0,4,2,0,2,1,21
SUPPLY_MARKET,WB1,11-01-2026,0,0,0,0,0,0,0,0,0,0,1,0,1,0,2,0,2,0,1,2,0,1,1,0,11
SUPPLY_MARKET,WB2,11-01-2026,0,0,0,0,0,0,0,0,0,0,2,0,0,3,0,0,1,0,0,1,0,1,0,0,8
SUPPLY_TOLL,AGR,10-01-2026,0,0,0,0,0,0,0,0,1,1,0,1,1,2,1,3,1,0,3,0,3,2,3,0,22
SUPPLY_TOLL,AHD,10-01-2026,0,1,0,0,0,0,0,0,0,1,2,5,4,2,1,4,0,0,1,3,1,0,1,0,26
SUPPLY_TOLL,AMR,10-01-2026,0,0,0,0,0,0,0,0,0,0,0,2,0,2,2,1,3,2,5,1,1,0,0,0,19
SUPPLY_MARKET,AP1,10-01-2026,0,0,0,0,0,0,0,0,0,0,4,3,9,3,3,1,1,3,2,1,0,1,0,0,31
SUPPLY_MARKET,AP2,10-01-2026,0,0,0,0,0,0,0,0,0,0,1,0,3,1,1,0,0,3,3,0,0,2,0,0,14
SUPPLY_TOLL,BHU,10-01-2026,0,0,0,0,1,0,0,4,2,3,1,4,4,12,5,4,6,2,2,2,4,2,3,1,62
SUPPLY_TOLL,BLR,10-01-2026,0,0,0,0,0,0,0,0,0,0,0,0,0,1,1,3,1,1,0,2,0,0,0,0,9
SUPPLY_MARKET,BR1,10-01-2026,0,0,0,0,0,0,0,0,1,0,2,1,0,1,7,3,2,2,0,0,1,0,0,0,20
SUPPLY_MARKET,BR2,10-01-2026,0,0,0,0,0,0,0,0,0,0,0,3,1,0,1,1,1,2,0,3,0,0,0,0,12
SUPPLY_MARKET,CG1,10-01-2026,0,0,0,0,0,0,0,0,0,0,0,0,0,7,3,9,2,2,1,1,0,1,0,0,26
SUPPLY_MARKET,CG2,10-01-2026,0,0,0,0,0,0,0,0,0,1,1,3,1,0,1,0,0,1,0,0,0,0,1,0,9
SUPPLY_TOLL,CHE,10-01-2026,0,0,0,0,0,0,0,0,0,3,2,0,2,2,2,7,3,4,2,0,0,1,0,0,28
SUPPLY_TOLL,COI,10-01-2026,4,3,0,0,0,0,0,1,1,0,2,2,5,3,4,2,2,0,6,1,6,4,1,0,47
SUPPLY_MARKET,DEL,10-01-2026,0,1,0,0,0,0,1,1,0,0,3,1,6,4,5,3,5,5,3,2,1,1,2,0,44
SUPPLY_MARKET,GJ1,10-01-2026,0,0,0,0,0,0,0,0,0,1,0,1,4,3,1,1,5,0,0,3,3,0,1,1,24
SUPPLY_MARKET,GJ2,10-01-2026,0,0,0,0,0,0,0,0,0,0,0,1,6,1,1,1,3,0,4,2,0,0,0,0,19
SUPPLY_MARKET,HPJK,10-01-2026,0,0,0,0,0,0,0,0,0,0,2,2,0,4,2,2,4,2,1,2,0,2,1,0,24
SUPPLY_MARKET,HR,10-01-2026,0,0,0,0,0,0,0,0,0,1,5,3,3,2,6,3,3,1,0,1,2,1,0,0,31
SUPPLY_TOLL,HUB,10-01-2026,0,0,0,0,0,0,0,0,0,1,1,3,3,0,0,1,2,0,2,4,1,2,0,0,20
SUPPLY_TOLL,HYD,10-01-2026,0,1,1,0,0,0,2,1,0,2,2,1,4,2,1,5,1,3,1,1,1,1,5,0,35
SUPPLY_TOLL,JAI,10-01-2026,1,0,0,0,1,0,0,0,0,2,0,2,3,8,2,2,0,2,5,8,1,0,0,0,37
SUPPLY_MARKET,JH,10-01-2026,0,0,0,0,0,0,0,1,0,1,4,2,5,4,6,1,3,2,2,2,1,1,0,0,35
SUPPLY_MARKET,KA1,10-01-2026,0,0,0,0,0,0,0,0,0,0,0,0,3,1,3,3,0,1,5,0,0,0,0,0,16
SUPPLY_MARKET,KA2,10-01-2026,0,0,0,0,0,1,0,0,0,0,0,1,2,3,4,4,2,2,5,0,1,0,1,0,26
SUPPLY_TOLL,KOL,10-01-2026,1,3,0,0,0,0,0,0,3,1,3,6,2,8,3,4,4,2,4,1,6,7,3,0,61
SUPPLY_TOLL,LKW,10-01-2026,2,0,0,0,0,0,0,0,0,6,3,3,2,4,3,3,4,7,8,6,3,1,0,4,59
SUPPLY_MARKET,MH1,10-01-2026,1,0,0,0,0,0,0,0,0,0,0,1,0,4,3,0,4,4,1,2,2,0,1,0,23
SUPPLY_MARKET,MH2,10-01-2026,0,0,0,0,0,0,0,0,0,0,0,0,3,5,2,1,4,3,3,1,0,2,0,3,27
SUPPLY_MARKET,MH3,10-01-2026,0,0,0,0,0,0,0,0,0,0,0,2,2,2,0,6,2,0,2,0,0,0,1,0,17
SUPPLY_MARKET,MH4,10-01-2026,1,0,0,0,0,0,0,0,0,1,1,2,5,4,3,3,2,1,2,1,3,1,0,2,32
SUPPLY_TOLL,MP,10-01-2026,0,0,0,0,0,0,0,0,3,0,2,5,1,3,3,2,1,7,2,0,4,2,2,0,37
SUPPLY_MARKET,MP1,10-01-2026,0,0,0,0,0,0,0,2,1,1,4,1,5,1,3,12,3,1,1,2,1,1,1,0,40
SUPPLY_MARKET,MP2,10-01-2026,0,0,0,0,0,0,0,0,0,0,0,1,0,2,3,4,4,0,1,2,0,0,0,0,17
CHANNEL_PARTNER,MPCG,10-01-2026,0,0,0,0,0,0,0,0,0,0,0,0,1,1,0,0,0,0,0,1,0,0,0,0,3
SUPPLY_TOLL,NAG,10-01-2026,0,0,0,0,0,0,1,0,0,1,1,3,1,1,1,6,4,1,1,4,5,1,1,1,33
SUPPLY_MARKET,NCR,10-01-2026,0,0,0,0,0,0,0,0,0,0,0,3,4,1,0,5,3,3,0,0,1,0,0,0,20
SUPPLY_MARKET,NE,10-01-2026,0,0,0,0,0,0,0,0,0,0,0,1,1,0,2,1,3,1,2,0,3,0,0,0,14
SUPPLY_MARKET,OR1,10-01-2026,0,0,0,0,0,0,0,0,1,0,0,2,2,1,1,1,0,1,0,0,0,5,0,1,15
SUPPLY_MARKET,OR2,10-01-2026,0,0,0,0,0,0,0,0,0,1,1,2,3,4,1,3,3,0,2,0,0,1,0,0,21
SUPPLY_TOLL,PAT,10-01-2026,0,0,0,0,0,0,1,1,3,3,4,4,4,8,2,4,2,12,3,4,2,2,0,1,60
SUPPLY_MARKET,PBHR,10-01-2026,0,0,1,0,0,0,0,0,0,1,1,1,1,0,3,1,2,5,0,3,0,0,1,0,20
SUPPLY_TOLL,PUN,10-01-2026,0,0,0,0,0,0,0,0,1,2,2,1,3,1,2,1,5,1,2,0,0,3,0,3,27
SUPPLY_TOLL,RAI,10-01-2026,1,1,0,0,0,0,0,1,0,1,4,6,3,4,5,1,3,4,0,1,2,0,0,1,38
SUPPLY_MARKET,RJ1,10-01-2026,0,0,0,0,0,0,0,0,0,0,0,2,0,2,3,5,1,6,1,0,0,0,1,0,21
SUPPLY_MARKET,RJ2,10-01-2026,0,0,0,0,0,0,0,0,0,0,3,2,1,1,2,1,1,0,1,1,1,1,0,0,15
SUPPLY_MARKET,RJ3,10-01-2026,0,0,0,0,0,0,0,0,0,0,0,3,1,5,0,4,5,1,4,1,1,0,0,0,25
SUPPLY_MARKET,RJ4,10-01-2026,0,0,0,0,0,0,0,0,0,1,0,1,5,3,6,5,1,4,1,5,5,0,1,0,38
CHANNEL_PARTNER,RJHR,10-01-2026,0,0,0,0,0,0,0,0,0,1,0,0,0,0,0,0,0,0,0,0,0,0,0,0,1
SUPPLY_TOLL,ROK,10-01-2026,0,0,1,0,0,0,0,0,1,0,1,0,0,1,2,0,3,1,2,1,0,2,0,0,15
SUPPLY_TOLL,SUR,10-01-2026,0,0,0,0,0,0,0,0,0,0,3,4,2,0,1,2,4,0,0,2,1,0,0,0,19
SUPPLY_MARKET,TN1,10-01-2026,0,0,0,0,0,0,0,0,0,0,0,0,1,0,1,2,0,2,1,0,1,0,0,0,8
SUPPLY_MARKET,TN2,10-01-2026,0,0,0,0,0,0,0,0,1,0,2,1,2,0,5,2,3,0,1,0,0,1,0,0,18
SUPPLY_MARKET,TN3,10-01-2026,0,0,0,0,0,2,0,1,1,0,0,0,4,2,0,2,1,3,1,1,0,0,0,0,18
SUPPLY_MARKET,TN4,10-01-2026,0,0,0,0,0,0,0,1,0,0,0,0,0,1,0,0,0,3,0,0,0,0,0,0,5
SUPPLY_MARKET,TS1,10-01-2026,0,0,0,0,0,0,0,0,0,0,1,3,4,4,6,4,2,2,1,2,0,0,2,0,31
SUPPLY_MARKET,TS2,10-01-2026,0,0,0,0,0,0,0,0,0,0,5,5,4,6,0,1,2,2,0,0,0,0,0,0,25
SUPPLY_TOLL,UDR,10-01-2026,0,0,0,0,0,0,0,0,0,1,2,2,3,2,1,5,0,2,0,0,1,1,0,1,21
SUPPLY_MARKET,UP1,10-01-2026,0,0,0,0,0,0,0,0,0,0,0,2,3,4,5,4,2,3,0,0,1,0,1,0,25
SUPPLY_MARKET,UP2,10-01-2026,0,0,0,0,0,0,0,0,1,0,1,1,3,3,2,1,3,1,1,1,0,0,0,0,18
SUPPLY_MARKET,UP3,10-01-2026,0,0,0,0,0,0,0,0,0,0,0,0,1,1,1,5,1,1,0,0,2,0,0,0,12
SUPPLY_MARKET,UP4,10-01-2026,0,0,0,0,0,0,0,0,1,0,2,1,2,6,1,4,1,3,1,2,0,1,1,1,27
SUPPLY_MARKET,UP5,10-01-2026,0,0,0,0,0,0,0,0,0,1,2,0,2,0,2,2,9,1,1,1,0,0,0,0,21
SUPPLY_TOLL,VIJ,10-01-2026,0,1,0,0,0,0,0,0,0,1,2,1,1,2,3,3,6,4,1,3,2,2,1,0,33
SUPPLY_MARKET,WB1,10-01-2026,0,0,0,0,0,0,0,0,0,0,0,3,9,6,3,3,2,2,2,1,3,2,0,0,36
SUPPLY_MARKET,WB2,10-01-2026,0,0,0,0,0,0,0,0,1,0,1,1,1,3,0,0,1,0,0,0,1,2,0,0,11
SUPPLY_TOLL,AGR,09-01-2026,0,1,0,0,0,1,0,0,0,0,2,0,3,3,2,7,5,1,5,3,2,0,0,0,35
SUPPLY_TOLL,AHD,09-01-2026,0,0,0,0,0,0,0,0,1,0,0,1,3,1,10,2,2,2,2,3,0,0,0,0,27
SUPPLY_TOLL,AMR,09-01-2026,0,0,1,0,0,0,0,0,0,0,1,0,0,1,3,2,2,6,2,1,3,0,2,0,24
SUPPLY_MARKET,AP1,09-01-2026,0,0,0,0,0,0,0,1,1,1,1,3,11,2,2,2,7,5,1,0,0,0,0,0,37
SUPPLY_MARKET,AP2,09-01-2026,0,0,0,0,0,0,0,0,0,1,1,1,3,1,5,1,1,4,3,0,0,0,0,0,21
CHANNEL_PARTNER,APTNKN,09-01-2026,0,0,0,0,0,0,0,0,0,0,0,0,0,0,0,0,0,0,0,0,0,0,1,0,1
SUPPLY_TOLL,BHU,09-01-2026,1,0,0,0,0,0,0,3,0,3,1,4,4,12,4,3,8,7,2,5,1,3,0,1,62
SUPPLY_TOLL,BLR,09-01-2026,0,0,0,0,0,0,0,1,1,2,1,1,0,2,0,0,0,1,0,2,2,1,0,0,14
SUPPLY_MARKET,BR1,09-01-2026,0,0,0,0,0,0,0,1,1,0,0,0,1,3,2,5,1,2,2,0,0,1,0,0,19
SUPPLY_MARKET,BR2,09-01-2026,0,0,0,0,0,0,0,0,1,0,0,1,2,4,0,0,3,1,0,0,0,0,0,0,12
CHANNEL_PARTNER,BRWBNE,09-01-2026,0,0,0,0,0,0,0,0,0,1,0,0,0,0,0,1,0,0,0,0,0,0,0,0,2
SUPPLY_MARKET,CG1,09-01-2026,0,0,0,0,0,0,0,0,0,1,3,1,1,2,2,3,0,4,1,0,0,0,0,0,18
SUPPLY_MARKET,CG2,09-01-2026,0,0,0,0,0,2,0,0,0,0,0,3,4,1,0,3,2,1,0,1,0,0,0,0,17
SUPPLY_TOLL,CHE,09-01-2026,0,0,0,0,0,0,0,1,1,3,3,2,3,0,3,0,2,3,1,0,0,1,1,0,24
SUPPLY_TOLL,COI,09-01-2026,0,2,1,0,0,1,0,0,0,0,1,1,0,2,1,0,1,2,1,0,6,1,2,0,22
SUPPLY_MARKET,DEL,09-01-2026,0,0,0,0,0,0,0,0,0,0,2,4,4,3,8,5,7,4,3,7,5,1,1,1,55
SUPPLY_MARKET,GJ1,09-01-2026,0,0,0,0,0,0,0,0,0,0,1,0,3,2,0,2,2,0,1,3,1,0,0,0,15
SUPPLY_MARKET,GJ2,09-01-2026,0,0,0,0,0,0,0,0,0,1,0,0,1,0,0,2,2,1,4,1,0,1,0,0,13
SUPPLY_MARKET,HPJK,09-01-2026,0,0,0,0,0,0,0,0,0,1,0,2,3,2,1,5,4,7,1,3,0,1,1,0,31
SUPPLY_MARKET,HR,09-01-2026,0,0,0,0,0,0,0,0,0,0,0,3,5,4,11,4,2,4,3,2,1,1,0,0,40
SUPPLY_TOLL,HUB,09-01-2026,0,0,0,0,0,0,0,0,0,2,1,1,4,0,1,0,1,2,0,1,0,0,0,0,13
SUPPLY_TOLL,HYD,09-01-2026,0,0,0,0,0,0,0,0,2,1,2,3,2,2,0,9,4,3,2,2,0,0,0,0,32
SUPPLY_TOLL,JAI,09-01-2026,1,0,0,0,0,0,0,0,0,1,1,0,4,3,6,10,2,4,3,2,4,4,3,0,48
SUPPLY_MARKET,JH,09-01-2026,0,0,0,0,0,0,0,0,3,1,2,2,1,1,4,3,3,3,1,3,1,1,0,0,29
SUPPLY_MARKET,KA1,09-01-2026,0,0,0,0,0,0,0,0,0,0,1,0,0,1,0,0,3,0,2,1,2,1,0,0,11
SUPPLY_MARKET,KA2,09-01-2026,0,0,0,0,0,0,0,0,1,1,1,1,1,0,3,0,1,1,2,1,2,0,0,0,15
SUPPLY_TOLL,KOL,09-01-2026,1,1,3,0,0,0,0,1,3,1,0,1,3,5,0,4,7,1,7,0,6,4,4,1,53
SUPPLY_TOLL,LKW,09-01-2026,1,0,0,0,0,0,0,0,1,0,7,6,8,3,4,2,3,3,2,1,0,1,4,1,47
SUPPLY_MARKET,MH1,09-01-2026,0,0,0,0,0,0,0,0,0,0,3,3,6,3,5,2,2,2,1,2,1,0,0,0,30
SUPPLY_MARKET,MH2,09-01-2026,1,0,0,0,0,0,0,0,0,2,0,2,2,2,2,8,1,5,2,0,2,2,0,0,31
SUPPLY_MARKET,MH3,09-01-2026,0,0,0,0,0,0,1,0,0,0,13,8,8,0,1,4,2,3,2,0,0,2,0,0,44
SUPPLY_MARKET,MH4,09-01-2026,1,0,0,0,0,0,0,0,0,0,0,2,1,3,4,7,5,3,4,3,2,2,0,0,37
SUPPLY_TOLL,MP,09-01-2026,0,0,0,0,0,0,0,0,0,0,0,0,5,0,0,5,2,4,3,3,3,1,0,0,26
SUPPLY_MARKET,MP1,09-01-2026,0,0,0,0,0,0,0,0,0,0,1,2,0,3,0,1,2,2,1,0,4,0,0,0,16
SUPPLY_MARKET,MP2,09-01-2026,1,0,0,0,0,0,0,0,0,0,0,0,0,0,2,1,1,2,1,0,2,2,0,0,12
CHANNEL_PARTNER,MPCG,09-01-2026,0,0,0,0,0,0,0,0,0,0,0,0,1,0,0,0,0,0,0,3,0,0,0,0,4
FINANCIAL_SERVICES,Maharashtra,09-01-2026,0,0,0,0,0,0,0,0,0,0,0,0,0,0,0,1,0,0,0,0,0,0,0,0,1
SUPPLY_TOLL,NAG,09-01-2026,0,0,0,0,0,0,0,0,1,1,2,1,3,3,5,2,4,1,7,3,1,1,0,0,35
SUPPLY_MARKET,NCR,09-01-2026,0,0,0,0,0,0,0,0,0,0,0,1,2,0,2,0,4,0,2,2,0,0,0,0,13
SUPPLY_MARKET,NE,09-01-2026,0,0,0,0,0,0,0,0,0,0,0,1,0,1,0,1,0,1,2,0,0,0,0,0,6
SUPPLY_MARKET,OR1,09-01-2026,0,0,0,0,0,0,0,0,1,2,1,1,3,1,0,3,0,1,0,1,0,1,0,11,26
SUPPLY_MARKET,OR2,09-01-2026,0,0,0,0,0,0,1,0,2,0,3,1,3,3,0,1,0,1,8,0,1,0,0,0,24
CHANNEL_PARTNER,ORJH,09-01-2026,0,0,0,0,0,0,0,0,0,0,0,0,0,0,0,0,1,0,0,0,0,0,0,0,1
SUPPLY_TOLL,PAT,09-01-2026,1,0,0,0,0,0,1,1,1,2,1,3,0,2,2,5,4,2,7,6,4,1,1,1,45
SUPPLY_MARKET,PBHR,09-01-2026,0,0,0,0,0,0,0,0,2,0,0,2,3,1,3,1,3,2,1,0,1,0,0,0,19
SUPPLY_TOLL,PUN,09-01-2026,1,0,0,0,0,1,0,0,0,0,0,6,6,1,2,4,2,4,2,2,3,1,1,1,37
SUPPLY_TOLL,RAI,09-01-2026,0,4,0,0,0,0,0,0,0,2,2,2,9,1,2,4,5,4,4,4,2,0,1,2,48
SUPPLY_MARKET,RJ1,09-01-2026,0,0,0,0,0,0,0,0,0,0,0,0,1,4,4,4,2,1,0,1,2,1,0,0,20
SUPPLY_MARKET,RJ2,09-01-2026,0,0,0,0,0,0,0,0,0,0,0,1,4,1,0,1,1,1,0,1,0,0,0,0,10
SUPPLY_MARKET,RJ3,09-01-2026,0,0,0,0,0,0,0,0,0,0,0,1,0,3,10,5,1,3,2,4,0,0,0,0,29
SUPPLY_MARKET,RJ4,09-01-2026,0,0,0,0,0,0,0,0,0,1,2,5,1,5,2,3,6,5,6,5,0,0,0,0,41
SUPPLY_TOLL,ROK,09-01-2026,0,0,0,0,0,0,0,0,0,0,4,2,0,2,3,3,5,2,6,1,1,0,0,0,29
SUPPLY_TOLL,SUR,09-01-2026,0,0,0,0,0,0,0,0,0,0,1,2,5,0,1,2,3,4,0,3,0,2,0,0,23
SUPPLY_MARKET,TN1,09-01-2026,0,0,0,0,0,0,1,0,1,2,1,4,5,1,1,2,1,1,1,2,2,0,2,0,27
SUPPLY_MARKET,TN2,09-01-2026,0,0,0,0,0,0,0,0,0,0,0,3,2,1,2,1,3,1,5,2,1,2,0,0,23
SUPPLY_MARKET,TN3,09-01-2026,0,0,0,0,0,0,0,0,0,0,0,4,1,2,2,0,2,1,1,2,0,1,0,0,16
SUPPLY_MARKET,TN4,09-01-2026,0,0,0,0,0,0,0,0,1,0,0,0,2,0,1,0,0,1,2,0,0,0,0,0,7
CHANNEL_PARTNER,TS,09-01-2026,0,0,0,0,0,0,0,0,0,0,0,0,0,4,0,0,0,0,0,0,0,0,0,0,4
SUPPLY_MARKET,TS1,09-01-2026,0,0,0,0,0,0,0,0,0,0,0,3,2,2,1,1,0,1,0,0,0,0,0,0,10
SUPPLY_MARKET,TS2,09-01-2026,0,0,0,0,0,0,0,1,0,0,1,2,2,1,3,3,3,0,1,1,0,0,0,0,18
SUPPLY_TOLL,UDR,09-01-2026,0,0,0,0,0,0,0,0,0,1,2,4,6,1,3,6,3,0,2,3,1,0,2,0,34
SUPPLY_MARKET,UP1,09-01-2026,0,0,0,0,0,0,0,0,0,0,1,3,1,2,1,4,2,2,1,1,0,0,0,0,18
SUPPLY_MARKET,UP2,09-01-2026,0,0,0,0,0,0,0,0,0,1,0,1,2,2,1,6,4,2,0,1,0,0,1,2,23
SUPPLY_MARKET,UP3,09-01-2026,0,0,0,0,0,0,0,0,1,0,0,2,3,0,2,1,0,1,1,0,0,0,0,0,11
SUPPLY_MARKET,UP4,09-01-2026,0,0,0,0,0,0,0,0,0,1,0,0,0,5,7,2,5,3,1,4,1,0,1,0,30
SUPPLY_MARKET,UP5,09-01-2026,0,0,0,0,0,0,0,0,0,0,0,1,0,2,12,4,3,2,1,1,3,0,0,0,29
SUPPLY_TOLL,VIJ,09-01-2026,0,0,0,0,0,0,0,1,1,1,0,2,3,3,3,0,5,2,3,6,2,0,0,0,32
SUPPLY_MARKET,WB1,09-01-2026,0,0,0,0,0,0,0,0,0,0,0,1,3,3,4,3,3,3,1,7,0,0,1,0,29
SUPPLY_MARKET,WB2,09-01-2026,0,0,0,0,0,0,0,0,0,0,0,0,0,1,1,4,2,1,4,2,0,0,0,1,16
SUPPLY_TOLL,AGR,08-01-2026,1,0,0,0,0,0,0,0,0,0,0,4,3,1,2,2,3,0,5,0,4,0,1,0,26
SUPPLY_TOLL,AHD,08-01-2026,0,0,0,0,0,0,0,0,0,0,0,0,3,3,2,1,2,0,2,1,5,0,1,1,21
SUPPLY_TOLL,AMR,08-01-2026,0,0,1,0,0,0,0,0,0,5,0,1,4,1,2,5,5,4,1,3,6,3,2,2,45
SUPPLY_MARKET,AP1,08-01-2026,0,0,0,0,0,1,0,0,0,1,3,2,1,1,0,1,2,5,3,0,1,0,0,0,21
SUPPLY_MARKET,AP2,08-01-2026,0,0,0,0,0,0,0,0,0,0,0,0,5,6,1,1,3,0,3,1,0,0,0,0,20
CHANNEL_PARTNER,APTNKN,08-01-2026,0,0,0,0,0,0,0,0,0,0,0,0,0,0,0,0,0,1,0,0,0,0,0,0,1
SUPPLY_TOLL,BHU,08-01-2026,1,0,0,0,0,0,0,2,0,5,2,8,4,0,4,6,2,9,4,4,2,3,4,1,61
SUPPLY_TOLL,BLR,08-01-2026,0,0,0,0,0,0,0,0,0,1,1,0,2,0,2,2,0,0,1,0,1,2,1,0,13
SUPPLY_MARKET,BR1,08-01-2026,0,0,0,0,0,0,0,0,1,1,0,0,0,1,1,4,2,2,2,1,0,0,0,0,15
SUPPLY_MARKET,BR2,08-01-2026,0,0,0,0,0,0,0,0,0,1,0,0,1,3,1,1,2,1,1,0,0,0,0,0,11
SUPPLY_MARKET,CG1,08-01-2026,0,0,0,0,0,0,0,0,0,0,0,3,5,9,0,1,2,3,2,2,0,1,0,0,28
SUPPLY_MARKET,CG2,08-01-2026,0,0,0,0,0,0,0,0,0,0,1,0,2,1,4,2,4,1,1,0,1,1,0,0,18
SUPPLY_TOLL,CHE,08-01-2026,0,0,0,0,0,0,0,0,1,2,6,4,6,4,1,1,2,3,2,0,0,1,0,0,33
SUPPLY_TOLL,COI,08-01-2026,0,0,0,0,0,1,0,1,1,1,2,4,2,4,1,3,3,2,3,1,2,9,3,1,44
SUPPLY_MARKET,DEL,08-01-2026,0,0,0,0,0,0,0,0,0,2,2,3,3,7,5,5,9,13,5,2,0,1,0,0,57
SUPPLY_MARKET,GJ1,08-01-2026,0,0,0,0,0,0,0,0,0,0,1,1,1,4,1,3,2,1,1,4,0,0,0,0,19
SUPPLY_MARKET,GJ2,08-01-2026,0,0,0,0,0,0,0,0,0,0,0,1,3,2,3,1,2,1,1,0,0,0,0,0,14
SUPPLY_MARKET,HPJK,08-01-2026,0,0,0,0,0,0,0,0,0,1,1,0,2,3,5,3,4,1,1,1,0,0,1,0,23
SUPPLY_MARKET,HR,08-01-2026,0,0,0,0,0,0,0,0,0,0,0,1,3,7,0,6,1,2,2,0,1,0,0,0,23
SUPPLY_TOLL,HUB,08-01-2026,0,0,0,0,0,0,1,0,0,0,2,1,1,0,0,0,0,0,1,0,0,0,0,0,6
SUPPLY_TOLL,HYD,08-01-2026,0,0,0,0,0,0,0,2,1,1,0,0,3,4,5,5,5,4,2,0,0,0,0,0,32
SUPPLY_TOLL,JAI,08-01-2026,0,0,0,0,0,0,0,0,1,4,1,1,3,9,4,2,3,4,7,3,2,1,0,0,45
SUPPLY_MARKET,JH,08-01-2026,0,0,0,0,0,0,0,0,0,1,3,3,2,3,4,1,2,1,1,1,1,2,1,0,26
SUPPLY_MARKET,KA1,08-01-2026,0,0,0,0,0,0,0,0,0,0,0,1,1,2,3,2,2,2,2,1,0,1,0,0,17
SUPPLY_MARKET,KA2,08-01-2026,0,0,0,0,0,0,0,1,0,0,0,7,2,2,4,3,2,5,0,1,3,9,0,0,39
SUPPLY_TOLL,KOL,08-01-2026,0,0,0,0,0,0,2,1,3,1,3,2,7,2,3,4,3,5,6,1,2,4,3,3,55
SUPPLY_TOLL,LKW,08-01-2026,0,1,0,0,0,0,0,0,1,1,0,1,3,3,0,3,2,3,2,1,1,0,2,4,28
SUPPLY_MARKET,MH1,08-01-2026,0,0,0,0,0,0,0,0,0,0,1,3,2,1,3,3,1,1,2,0,0,0,0,0,17
SUPPLY_MARKET,MH2,08-01-2026,0,0,0,0,0,0,0,0,0,1,1,2,2,4,1,1,2,2,3,0,1,1,0,0,21
SUPPLY_MARKET,MH3,08-01-2026,0,0,0,0,0,0,0,0,1,0,1,1,4,4,1,2,5,2,2,2,0,1,0,0,26
SUPPLY_MARKET,MH4,08-01-2026,0,0,0,0,0,0,0,1,0,0,1,1,0,3,3,7,2,3,5,1,2,2,1,0,32
SUPPLY_TOLL,MP,08-01-2026,0,1,0,0,0,0,0,0,0,0,0,0,1,3,3,2,4,3,2,0,3,1,0,0,23
SUPPLY_MARKET,MP1,08-01-2026,1,0,0,0,0,0,0,0,0,1,0,0,2,2,5,2,4,5,5,2,2,0,0,0,31
SUPPLY_MARKET,MP2,08-01-2026,0,0,0,0,0,0,0,0,0,0,0,1,1,2,2,1,0,2,0,0,1,0,1,0,11
CHANNEL_PARTNER,MPCG,08-01-2026,0,0,0,0,0,0,0,0,0,0,0,0,0,1,0,0,0,0,0,0,0,0,0,0,1
FINANCIAL_SERVICES,Maharashtra,08-01-2026,0,0,0,0,0,0,0,0,0,0,0,0,1,0,0,0,0,0,0,0,0,0,0,0,1
SUPPLY_TOLL,NAG,08-01-2026,1,0,0,0,0,0,0,0,0,6,2,2,2,3,3,1,1,4,1,4,2,0,1,1,34
SUPPLY_MARKET,NCR,08-01-2026,0,0,0,0,0,0,0,0,0,3,0,4,10,2,2,2,2,2,0,0,1,0,2,0,30
SUPPLY_MARKET,NE,08-01-2026,0,0,0,0,0,0,0,0,0,0,0,0,0,0,6,1,0,2,1,2,0,0,0,0,12
SUPPLY_MARKET,OR1,08-01-2026,0,0,0,0,0,0,0,0,2,0,1,5,2,5,0,1,3,4,0,0,0,0,0,0,23
SUPPLY_MARKET,OR2,08-01-2026,0,0,0,0,0,0,0,0,0,1,1,1,0,1,0,2,1,2,1,1,1,1,0,0,13
CHANNEL_PARTNER,ORJH,08-01-2026,0,0,0,0,0,0,0,0,0,0,0,0,0,0,0,0,0,0,0,1,0,0,0,0,1
SUPPLY_TOLL,PAT,08-01-2026,0,0,0,0,0,0,0,1,3,3,3,7,5,1,3,2,0,3,3,3,4,0,4,3,48
SUPPLY_MARKET,PBHR,08-01-2026,0,0,0,0,0,0,0,0,0,0,0,1,4,0,1,0,4,1,2,0,0,0,0,0,13
SUPPLY_TOLL,PUN,08-01-2026,0,1,0,0,0,0,1,0,1,2,2,3,3,3,1,6,4,4,2,2,3,0,0,0,38
SUPPLY_TOLL,RAI,08-01-2026,0,0,0,0,0,1,1,0,0,3,4,2,2,7,3,3,5,4,6,4,1,5,0,0,51
SUPPLY_MARKET,RJ1,08-01-2026,0,0,0,0,0,0,0,0,0,0,0,4,2,1,4,8,2,2,2,2,2,5,6,0,40
SUPPLY_MARKET,RJ2,08-01-2026,0,0,0,0,0,0,0,0,0,0,0,1,2,0,2,2,0,0,1,2,0,1,0,0,11
SUPPLY_MARKET,RJ3,08-01-2026,0,0,0,0,0,0,0,0,0,0,0,3,2,4,6,3,2,4,7,3,0,0,0,1,35
SUPPLY_MARKET,RJ4,08-01-2026,0,0,0,0,0,0,0,0,0,0,0,0,4,1,5,4,5,2,1,1,0,0,0,0,23
SUPPLY_TOLL,ROK,08-01-2026,0,0,0,0,0,0,0,0,1,1,0,0,1,3,4,3,2,1,2,3,0,0,1,0,22
SUPPLY_TOLL,SUR,08-01-2026,0,0,0,0,0,0,0,0,1,0,0,2,0,2,2,0,1,1,0,3,0,1,0,0,13
SUPPLY_MARKET,TN1,08-01-2026,0,0,0,0,0,0,0,0,0,2,0,2,4,2,2,0,3,3,3,0,0,0,1,0,22
SUPPLY_MARKET,TN2,08-01-2026,0,0,0,0,0,0,0,0,0,0,2,3,0,5,4,1,2,1,0,0,1,0,0,1,20
SUPPLY_MARKET,TN3,08-01-2026,0,0,0,0,0,0,0,0,0,1,0,0,0,2,2,1,0,1,8,0,1,1,0,0,17
SUPPLY_MARKET,TN4,08-01-2026,0,0,0,0,0,0,0,1,0,0,0,0,0,0,1,2,1,0,0,0,0,1,0,0,6
CHANNEL_PARTNER,TNKN,08-01-2026,0,0,0,0,0,0,0,0,0,0,0,1,0,0,1,0,0,0,0,0,0,0,0,0,2
SUPPLY_MARKET,TS1,08-01-2026,0,0,0,0,0,0,0,0,0,0,0,2,3,3,3,2,3,1,1,1,0,0,0,0,19
SUPPLY_MARKET,TS2,08-01-2026,1,0,0,0,0,0,0,0,0,1,1,5,2,4,0,0,2,3,5,3,1,0,0,0,28
SUPPLY_TOLL,UDR,08-01-2026,0,1,0,0,0,0,0,0,0,0,2,2,0,1,3,1,1,6,4,1,1,0,2,0,25
SUPPLY_MARKET,UP1,08-01-2026,0,0,0,0,0,0,0,0,0,0,1,2,1,0,5,2,1,2,0,1,0,1,0,0,16
SUPPLY_MARKET,UP2,08-01-2026,0,0,0,0,0,0,0,0,0,1,1,1,2,3,1,3,8,2,0,1,1,1,0,0,25
SUPPLY_MARKET,UP3,08-01-2026,0,0,0,0,0,0,0,0,0,0,1,0,2,0,0,1,0,0,3,1,2,0,0,0,10
SUPPLY_MARKET,UP4,08-01-2026,0,0,0,0,0,0,0,0,0,1,0,1,0,1,1,2,0,4,2,0,0,0,0,0,12
SUPPLY_MARKET,UP5,08-01-2026,0,0,0,0,0,0,0,0,0,2,2,3,4,3,1,3,4,1,1,3,0,0,0,0,27
SUPPLY_TOLL,VIJ,08-01-2026,0,0,0,0,0,0,0,0,3,1,2,2,3,0,2,5,4,3,1,4,2,2,0,2,36
SUPPLY_MARKET,WB1,08-01-2026,0,0,0,0,0,0,0,0,2,1,0,0,0,3,4,1,1,0,2,1,0,0,0,0,15
SUPPLY_MARKET,WB2,08-01-2026,0,0,0,0,0,0,0,0,0,0,2,1,2,3,1,1,0,2,0,2,0,1,0,0,15
SUPPLY_TOLL,AGR,07-01-2026,0,0,0,0,0,0,0,0,0,2,1,1,3,2,5,3,3,4,1,5,2,1,0,0,33
SUPPLY_TOLL,AHD,07-01-2026,0,0,0,0,0,0,0,0,0,0,1,4,0,2,2,1,0,3,0,2,0,0,1,0,16
SUPPLY_TOLL,AMR,07-01-2026,2,0,0,0,0,0,0,5,1,2,1,1,2,0,2,4,2,1,1,1,2,1,0,0,28
SUPPLY_MARKET,AP1,07-01-2026,1,0,0,0,0,0,0,1,0,1,1,3,3,3,0,1,2,5,1,1,1,2,0,0,26
SUPPLY_MARKET,AP2,07-01-2026,1,0,0,0,0,0,0,0,0,0,4,3,2,3,0,1,3,0,3,1,1,3,0,0,25
SUPPLY_TOLL,BHU,07-01-2026,0,0,0,0,1,0,1,1,1,2,1,6,2,9,6,3,0,5,2,0,1,3,0,0,44
SUPPLY_TOLL,BLR,07-01-2026,0,0,0,0,1,1,1,0,0,1,1,1,5,0,1,3,4,0,1,1,1,3,0,0,25
SUPPLY_MARKET,BR1,07-01-2026,1,0,0,0,0,0,0,0,0,0,0,1,1,0,2,4,1,2,0,1,0,0,1,0,14
SUPPLY_MARKET,BR2,07-01-2026,0,0,0,0,0,0,0,0,0,0,0,0,1,2,0,0,1,1,0,0,1,1,0,0,7
SUPPLY_MARKET,CG1,07-01-2026,0,0,0,0,0,0,0,1,0,0,0,1,2,2,3,4,3,0,1,4,0,1,0,0,22
SUPPLY_MARKET,CG2,07-01-2026,0,0,0,0,0,0,2,0,0,0,0,1,1,3,1,3,2,2,4,0,4,0,0,1,24
SUPPLY_TOLL,CHE,07-01-2026,0,0,0,0,0,0,0,0,0,4,5,8,2,1,4,2,2,2,2,4,3,0,0,0,39
SUPPLY_TOLL,COI,07-01-2026,1,0,1,0,0,0,0,0,2,0,1,3,5,3,3,3,4,4,2,2,1,2,0,2,39
SUPPLY_MARKET,DEL,07-01-2026,0,0,0,0,0,0,0,1,0,1,2,0,3,4,4,7,6,8,1,5,10,0,0,0,52
SUPPLY_MARKET,GJ1,07-01-2026,0,0,0,0,0,0,0,0,0,1,1,2,2,1,1,1,2,3,2,0,0,0,0,0,16
SUPPLY_MARKET,GJ2,07-01-2026,0,0,0,0,0,0,0,0,0,0,0,8,3,4,1,3,2,2,5,0,0,1,0,1,30
SUPPLY_MARKET,HPJK,07-01-2026,0,0,0,0,0,0,0,0,0,0,1,2,4,2,1,5,2,3,0,0,0,3,1,0,24
SUPPLY_MARKET,HR,07-01-2026,0,0,0,0,0,0,0,1,0,0,1,1,2,5,2,3,3,3,1,0,0,0,0,1,23
SUPPLY_TOLL,HUB,07-01-2026,0,0,0,0,0,0,0,0,0,0,0,1,2,1,2,4,3,3,2,2,0,3,0,0,23
SUPPLY_TOLL,HYD,07-01-2026,0,0,0,0,0,0,0,0,0,1,2,2,0,3,2,4,1,4,0,1,1,1,2,1,25
SUPPLY_TOLL,JAI,07-01-2026,0,1,1,0,0,0,1,0,1,3,2,3,3,5,4,6,3,6,1,5,3,3,0,0,51
SUPPLY_MARKET,JH,07-01-2026,1,0,0,0,0,0,0,0,3,1,2,2,0,2,1,4,2,4,2,0,0,0,0,0,24
SUPPLY_MARKET,KA1,07-01-2026,0,0,0,0,0,0,0,0,0,0,0,0,2,3,0,4,1,0,3,1,1,0,1,0,16
SUPPLY_MARKET,KA2,07-01-2026,0,0,0,0,0,0,0,0,0,0,1,3,2,3,1,0,0,1,0,0,1,0,1,0,13
SUPPLY_TOLL,KOL,07-01-2026,3,0,0,0,0,0,4,0,2,2,2,3,4,0,1,3,5,3,1,4,1,5,2,2,47
SUPPLY_TOLL,LKW,07-01-2026,0,0,0,0,0,0,0,2,0,0,2,1,4,1,1,3,5,1,2,1,2,1,6,0,32
SUPPLY_MARKET,MH1,07-01-2026,0,0,0,0,0,0,0,0,0,0,0,3,7,3,1,0,1,2,6,3,1,2,0,0,29
SUPPLY_MARKET,MH2,07-01-2026,0,0,0,0,0,0,0,0,0,0,0,2,3,0,3,2,2,1,1,1,1,1,1,1,19
SUPPLY_MARKET,MH3,07-01-2026,0,0,0,0,0,0,0,0,0,0,0,4,1,2,1,3,0,2,1,2,3,0,0,0,19
SUPPLY_MARKET,MH4,07-01-2026,0,0,0,0,0,0,0,0,0,1,1,0,2,8,7,4,4,6,1,0,1,1,0,0,36
SUPPLY_TOLL,MP,07-01-2026,0,1,0,0,0,0,0,1,2,2,2,0,2,12,3,4,4,2,2,0,1,1,0,0,39
SUPPLY_MARKET,MP1,07-01-2026,0,0,0,0,0,0,0,0,0,0,0,1,1,4,4,3,4,1,5,0,0,1,1,0,25
SUPPLY_MARKET,MP2,07-01-2026,0,0,0,0,0,0,0,0,0,0,0,0,2,1,1,1,1,3,0,3,1,2,0,0,15
CHANNEL_PARTNER,MPCG,07-01-2026,0,0,0,0,0,0,0,0,0,0,0,0,0,1,0,0,0,0,0,1,0,0,0,0,2
CHANNEL_PARTNER,MPCGGJ,07-01-2026,0,0,0,0,0,0,0,0,0,0,0,0,0,0,0,1,0,0,0,0,0,0,0,0,1
SUPPLY_TOLL,NAG,07-01-2026,1,0,0,0,0,0,0,0,0,2,1,4,2,2,1,3,3,1,7,2,1,2,1,1,34
SUPPLY_MARKET,NCR,07-01-2026,0,0,0,0,0,0,0,0,0,0,0,0,2,3,3,1,4,2,3,1,0,1,0,0,20
SUPPLY_MARKET,NE,07-01-2026,0,0,0,0,0,0,0,0,0,0,0,0,0,0,1,2,0,0,1,0,3,0,0,0,7
SUPPLY_MARKET,OR1,07-01-2026,0,0,0,0,0,0,0,0,0,1,1,0,0,2,0,0,1,0,0,2,1,0,0,0,8
SUPPLY_MARKET,OR2,07-01-2026,0,0,0,0,0,0,0,0,0,0,3,3,3,0,1,2,0,4,1,3,0,1,0,0,21
SUPPLY_TOLL,PAT,07-01-2026,0,0,0,0,0,0,0,1,1,4,0,5,2,4,7,1,2,2,1,3,2,6,5,0,46
SUPPLY_MARKET,PBHR,07-01-2026,0,0,0,0,0,0,0,0,0,1,0,1,12,2,3,1,2,1,2,1,0,0,1,0,27
SUPPLY_TOLL,PUN,07-01-2026,0,1,0,0,0,0,0,0,2,2,0,4,2,6,1,5,3,5,10,2,5,0,3,1,52
SUPPLY_TOLL,RAI,07-01-2026,0,0,0,1,0,1,0,0,1,3,1,3,5,2,2,2,1,5,1,3,4,0,0,1,36
SUPPLY_MARKET,RJ1,07-01-2026,0,0,0,0,0,0,0,0,0,0,2,0,0,4,3,2,3,0,1,1,1,1,1,0,19
SUPPLY_MARKET,RJ2,07-01-2026,0,0,0,0,0,0,0,0,0,1,0,0,2,0,2,3,4,3,1,3,2,1,0,0,22
SUPPLY_MARKET,RJ3,07-01-2026,0,0,0,0,0,0,0,0,0,0,0,3,2,2,7,4,1,4,9,6,4,1,0,0,43
SUPPLY_MARKET,RJ4,07-01-2026,0,0,0,0,0,0,0,0,0,0,0,1,3,4,12,2,1,6,3,3,0,0,0,0,35
SUPPLY_TOLL,ROK,07-01-2026,0,0,0,0,0,0,0,0,0,1,1,3,2,4,3,0,1,2,3,0,1,1,1,0,23
SUPPLY_TOLL,SUR,07-01-2026,0,0,0,1,0,0,0,0,0,2,1,1,3,3,0,3,1,1,1,0,0,0,1,1,19
SUPPLY_MARKET,TN1,07-01-2026,0,0,0,0,0,0,0,0,0,1,1,1,1,7,0,0,2,1,0,1,3,0,1,0,19
SUPPLY_MARKET,TN2,07-01-2026,0,0,0,0,0,0,0,0,1,1,4,9,4,3,3,1,2,1,1,1,2,1,0,0,34
SUPPLY_MARKET,TN3,07-01-2026,0,0,0,0,0,0,0,0,0,0,0,3,2,3,3,2,2,2,1,2,5,0,1,0,26
SUPPLY_MARKET,TN4,07-01-2026,0,0,0,0,0,0,0,0,0,0,0,0,4,0,0,0,1,1,0,0,0,0,0,0,6
CHANNEL_PARTNER,TNKN,07-01-2026,0,0,0,0,0,0,0,0,0,0,0,0,0,0,0,0,0,0,0,0,0,0,0,1,1
CHANNEL_PARTNER,TS,07-01-2026,0,0,0,0,0,0,0,0,0,0,0,0,1,0,0,0,0,0,0,0,0,0,0,0,1
SUPPLY_MARKET,TS1,07-01-2026,0,0,0,0,1,0,0,0,0,0,1,0,3,4,1,1,0,1,2,0,0,1,1,0,16
SUPPLY_MARKET,TS2,07-01-2026,0,0,0,0,0,0,0,1,1,0,0,3,2,1,4,3,2,1,3,0,0,1,0,0,22
SUPPLY_TOLL,UDR,07-01-2026,0,0,0,0,0,0,0,1,0,0,1,2,1,2,1,2,4,4,2,1,1,0,0,0,22
SUPPLY_MARKET,UP1,07-01-2026,0,0,0,0,0,0,0,0,0,1,1,0,3,1,1,1,1,0,0,1,1,0,0,0,11
SUPPLY_MARKET,UP2,07-01-2026,0,1,0,0,0,0,0,0,0,0,1,0,0,1,0,0,1,1,1,0,1,3,1,0,11
SUPPLY_MARKET,UP3,07-01-2026,0,0,0,0,0,0,0,0,0,0,0,1,1,2,0,1,1,0,4,0,0,0,0,0,10
SUPPLY_MARKET,UP4,07-01-2026,0,0,0,0,0,0,1,0,0,0,1,0,2,2,2,4,5,6,3,0,3,3,0,0,32
SUPPLY_MARKET,UP5,07-01-2026,0,0,0,0,0,0,0,0,0,2,1,2,1,2,2,0,1,1,0,0,0,1,1,0,14
SUPPLY_TOLL,VIJ,07-01-2026,1,0,0,0,0,0,0,1,1,1,1,8,2,3,2,1,2,2,0,3,0,2,1,2,33
SUPPLY_MARKET,WB1,07-01-2026,0,0,0,0,0,0,0,0,0,0,0,2,5,4,8,1,3,4,6,2,1,1,0,0,37
SUPPLY_MARKET,WB2,07-01-2026,0,0,0,0,0,0,0,0,0,0,2,0,0,0,2,0,2,1,1,0,1,1,0,0,10
SUPPLY_TOLL,AGR,06-01-2026,0,0,0,0,0,0,0,0,0,0,0,2,2,3,3,0,3,7,12,1,4,1,1,6,45
SUPPLY_TOLL,AHD,06-01-2026,0,0,0,0,0,0,0,0,0,1,0,2,4,4,1,2,2,5,2,1,1,0,1,0,26
SUPPLY_TOLL,AMR,06-01-2026,0,0,0,0,0,0,0,0,0,0,0,1,1,1,0,1,2,3,1,1,3,0,1,0,15
SUPPLY_MARKET,AP1,06-01-2026,0,0,0,0,0,0,0,0,1,0,1,4,7,3,5,2,2,2,3,4,2,1,0,0,37
SUPPLY_MARKET,AP2,06-01-2026,0,0,0,0,0,0,0,0,1,0,0,2,2,3,3,1,1,3,3,1,1,0,0,0,21
SUPPLY_TOLL,BHU,06-01-2026,2,1,0,0,0,0,0,0,1,1,1,12,0,5,5,4,10,1,4,3,5,2,1,0,58
SUPPLY_TOLL,BLR,06-01-2026,0,0,0,0,0,0,0,0,0,0,0,1,0,1,0,1,0,0,2,0,0,0,0,0,5
SUPPLY_MARKET,BR1,06-01-2026,0,0,0,0,0,0,0,0,0,0,0,0,0,2,1,0,0,2,3,0,0,0,0,0,8
SUPPLY_MARKET,BR2,06-01-2026,0,0,0,0,0,0,0,0,0,0,0,0,0,1,2,0,2,1,0,1,1,0,0,0,8
SUPPLY_MARKET,CG1,06-01-2026,0,0,0,0,0,0,0,0,0,1,0,5,1,0,1,1,0,0,7,0,4,1,0,0,21
SUPPLY_MARKET,CG2,06-01-2026,0,0,0,0,0,0,0,0,0,0,0,0,1,2,0,0,0,0,1,2,1,0,0,0,7
SUPPLY_TOLL,CHE,06-01-2026,0,0,0,0,0,0,0,0,1,3,4,3,5,2,1,1,0,2,4,0,2,1,0,1,30
SUPPLY_TOLL,COI,06-01-2026,1,1,2,0,0,0,0,0,1,3,4,3,1,6,1,3,1,6,4,3,3,1,2,2,48
SUPPLY_MARKET,DEL,06-01-2026,0,0,0,0,0,0,0,1,0,1,2,1,3,1,10,5,6,7,9,2,4,0,0,0,52
CHANNEL_PARTNER,DLPB,06-01-2026,0,0,0,0,0,0,0,0,0,0,0,0,0,1,0,0,0,0,0,0,0,0,0,0,1
SUPPLY_MARKET,GJ1,06-01-2026,0,0,0,0,0,0,0,0,0,0,0,0,2,1,1,2,7,0,1,2,0,0,0,0,16
SUPPLY_MARKET,GJ2,06-01-2026,0,0,0,0,0,0,0,0,0,0,0,0,2,4,6,3,2,4,3,3,1,1,0,0,29
CHANNEL_PARTNER,GJRJ,06-01-2026,0,1,0,0,0,0,0,0,0,0,0,0,0,0,0,0,0,1,0,0,0,0,0,0,2
SUPPLY_MARKET,HPJK,06-01-2026,0,0,0,0,0,0,0,0,0,0,0,2,2,2,3,4,5,5,3,0,0,0,0,0,26
SUPPLY_MARKET,HR,06-01-2026,0,0,0,0,0,0,1,0,1,1,0,0,2,6,7,3,1,0,1,0,1,1,0,0,25
SUPPLY_TOLL,HUB,06-01-2026,0,0,0,0,1,0,0,0,0,0,1,1,2,0,0,1,1,0,0,1,0,0,0,0,8
SUPPLY_TOLL,HYD,06-01-2026,0,0,0,0,0,0,1,0,1,0,2,2,8,4,2,3,0,2,4,2,2,0,1,0,34
SUPPLY_TOLL,JAI,06-01-2026,1,0,1,0,0,0,1,0,4,1,2,1,6,3,1,3,3,4,2,0,1,1,0,0,35
SUPPLY_MARKET,JH,06-01-2026,0,0,0,0,0,0,0,1,2,0,0,3,4,4,2,1,2,2,2,0,0,2,0,0,25
SUPPLY_MARKET,KA1,06-01-2026,0,0,0,0,0,0,0,0,0,0,1,0,0,1,1,0,5,2,0,1,1,1,0,0,13
SUPPLY_MARKET,KA2,06-01-2026,0,0,0,0,0,0,0,0,0,1,0,1,5,3,2,1,1,2,0,1,1,0,0,0,18
SUPPLY_TOLL,KOL,06-01-2026,1,0,0,0,1,0,0,0,1,1,0,4,9,6,3,9,4,5,7,7,2,0,3,3,66
SUPPLY_TOLL,LKW,06-01-2026,0,0,0,0,0,0,0,0,1,0,2,4,2,1,3,0,2,2,1,3,5,1,2,0,29
SUPPLY_MARKET,MH1,06-01-2026,0,0,0,0,0,0,0,0,0,0,1,0,1,3,6,0,6,7,2,0,5,0,1,0,32
SUPPLY_MARKET,MH2,06-01-2026,0,0,0,0,0,0,0,0,0,0,0,2,1,4,3,0,0,1,0,1,0,0,0,0,12
SUPPLY_MARKET,MH3,06-01-2026,0,0,0,0,0,0,0,0,1,2,1,1,0,2,1,1,2,1,2,1,1,0,0,0,16
SUPPLY_MARKET,MH4,06-01-2026,0,0,0,0,0,0,0,0,0,0,0,1,1,3,2,1,4,2,4,0,1,0,0,0,19
SUPPLY_TOLL,MP,06-01-2026,0,0,0,0,0,0,0,0,0,1,0,3,3,0,1,2,0,1,2,4,1,3,0,2,23
SUPPLY_MARKET,MP1,06-01-2026,0,0,0,0,0,0,0,0,0,1,1,2,0,2,2,3,7,1,2,0,1,0,1,0,23
SUPPLY_MARKET,MP2,06-01-2026,0,0,0,0,0,0,0,0,0,0,2,2,2,0,6,2,3,3,0,0,0,1,0,0,21
CHANNEL_PARTNER,MPCG,06-01-2026,0,0,0,0,0,0,0,0,0,0,0,0,0,0,0,0,0,0,2,0,0,0,0,0,2
SUPPLY_TOLL,NAG,06-01-2026,0,0,0,0,0,0,0,0,0,0,1,4,1,2,1,1,1,1,2,1,3,1,1,0,20
SUPPLY_MARKET,NCR,06-01-2026,0,0,0,0,0,0,0,0,0,0,0,0,1,1,1,1,2,1,2,2,0,0,0,0,11
SUPPLY_MARKET,NE,06-01-2026,0,0,0,0,0,0,0,0,0,0,0,3,0,0,0,0,0,5,0,2,1,1,1,0,13
SUPPLY_MARKET,OR1,06-01-2026,0,0,1,0,0,0,0,0,1,2,2,1,0,1,4,1,2,1,0,1,0,0,1,0,18
SUPPLY_MARKET,OR2,06-01-2026,0,0,0,0,0,0,0,1,0,0,2,3,0,0,0,3,2,0,1,0,0,0,0,0,12
SUPPLY_TOLL,PAT,06-01-2026,2,0,0,0,1,0,0,0,1,1,4,2,1,9,3,5,3,2,4,4,3,1,1,1,48
SUPPLY_MARKET,PBHR,06-01-2026,0,0,0,0,0,0,0,0,0,0,0,2,1,10,7,4,1,2,2,1,2,0,0,0,32
SUPPLY_TOLL,PUN,06-01-2026,0,0,0,0,0,0,0,0,1,2,0,6,4,0,1,1,0,3,2,3,1,1,0,0,25
SUPPLY_TOLL,RAI,06-01-2026,0,0,0,0,0,0,0,0,4,1,2,5,3,1,3,5,12,6,5,7,2,7,1,1,65
SUPPLY_MARKET,RJ1,06-01-2026,1,1,0,0,0,0,0,0,0,0,0,2,3,2,4,5,4,2,0,2,0,1,0,0,27
SUPPLY_MARKET,RJ2,06-01-2026,0,0,0,0,0,0,0,0,0,2,2,2,2,2,3,4,1,1,0,1,0,1,0,0,21
SUPPLY_MARKET,RJ3,06-01-2026,0,0,0,0,0,0,0,0,0,0,1,1,4,4,3,1,2,0,9,1,1,0,0,0,27
SUPPLY_MARKET,RJ4,06-01-2026,0,0,0,0,0,0,0,0,2,0,1,4,2,2,1,7,3,2,6,3,0,0,1,0,34
SUPPLY_TOLL,ROK,06-01-2026,0,0,0,0,0,0,0,0,0,1,1,3,1,1,3,2,0,1,2,3,0,1,1,0,20
SUPPLY_TOLL,SUR,06-01-2026,0,0,0,0,0,0,0,0,0,0,0,0,1,2,2,0,2,1,0,0,0,0,0,0,8
SUPPLY_MARKET,TN1,06-01-2026,0,1,0,0,0,0,0,0,0,0,2,2,2,2,4,2,1,1,1,0,1,0,0,0,19
SUPPLY_MARKET,TN2,06-01-2026,0,0,0,0,0,0,0,0,0,0,2,1,4,4,1,5,0,0,1,1,1,3,1,0,24
SUPPLY_MARKET,TN3,06-01-2026,0,0,0,0,0,0,0,0,0,0,2,2,2,1,3,3,1,1,0,1,1,0,0,0,17
SUPPLY_MARKET,TN4,06-01-2026,0,0,0,0,0,0,0,0,0,0,0,0,0,2,0,1,1,1,1,1,0,0,0,0,7
CHANNEL_PARTNER,TNKN,06-01-2026,0,0,0,0,0,0,0,0,0,0,0,0,0,0,0,0,0,0,0,0,1,0,0,0,1
SUPPLY_MARKET,TS1,06-01-2026,0,0,0,0,0,0,0,0,0,0,1,0,1,1,2,0,2,1,0,1,0,0,0,0,9
SUPPLY_MARKET,TS2,06-01-2026,0,0,0,0,0,0,1,0,1,0,3,3,2,2,1,0,1,1,5,0,3,1,0,0,24
SUPPLY_TOLL,UDR,06-01-2026,0,0,0,0,0,0,0,0,2,3,2,4,2,3,2,4,3,1,2,1,1,5,0,2,37
SUPPLY_MARKET,UP1,06-01-2026,0,0,0,0,0,0,0,0,0,2,0,5,1,3,0,3,9,2,0,1,1,0,0,0,27
SUPPLY_MARKET,UP2,06-01-2026,0,0,0,0,0,0,0,0,1,0,1,0,1,0,1,1,2,1,2,1,2,1,0,0,14
SUPPLY_MARKET,UP3,06-01-2026,0,0,0,0,0,0,0,0,1,0,1,1,1,0,1,0,1,1,1,1,0,1,0,0,10
SUPPLY_MARKET,UP4,06-01-2026,0,0,0,0,0,0,0,0,0,0,0,0,1,2,0,3,2,1,1,0,1,0,0,1,12
SUPPLY_MARKET,UP5,06-01-2026,0,0,0,0,0,0,0,0,0,0,0,0,1,0,1,3,2,2,0,0,1,0,0,0,10
SUPPLY_TOLL,VIJ,06-01-2026,0,0,0,0,0,0,0,0,1,5,1,2,4,3,6,3,6,2,4,1,2,0,2,1,43
SUPPLY_MARKET,WB1,06-01-2026,1,0,0,0,0,0,0,0,0,0,1,5,3,0,4,3,0,4,6,0,1,0,1,0,29
SUPPLY_MARKET,WB2,06-01-2026,0,0,0,0,0,0,0,0,0,0,0,0,1,0,0,1,0,1,1,0,0,0,1,0,5
SUPPLY_TOLL,AGR,05-01-2026,0,0,0,0,0,0,0,0,0,1,1,0,2,4,1,2,7,1,4,0,3,6,0,0,32
SUPPLY_TOLL,AHD,05-01-2026,0,0,0,0,0,0,0,0,0,0,0,1,1,2,0,1,2,6,1,2,0,1,0,1,18
SUPPLY_TOLL,AMR,05-01-2026,0,0,0,0,0,0,0,0,0,0,1,0,1,1,1,3,2,2,2,3,2,0,0,0,18
SUPPLY_MARKET,AP1,05-01-2026,0,0,0,0,0,0,0,0,0,0,3,6,15,2,13,3,6,3,4,2,1,0,0,0,58
SUPPLY_MARKET,AP2,05-01-2026,0,0,0,0,0,0,0,0,0,1,2,2,4,1,0,1,1,3,4,1,0,0,0,2,22
SUPPLY_TOLL,BHU,05-01-2026,0,0,0,0,0,0,3,2,1,5,1,2,2,7,4,4,7,4,4,5,2,6,3,7,69
SUPPLY_TOLL,BLR,05-01-2026,0,0,0,0,0,0,0,0,0,0,1,0,2,3,0,2,2,0,0,0,5,0,0,0,15
SUPPLY_MARKET,BR1,05-01-2026,0,0,0,0,0,0,0,0,0,0,1,1,3,3,1,4,2,1,1,1,1,0,0,0,19
SUPPLY_MARKET,BR2,05-01-2026,0,0,0,0,0,0,0,0,0,0,0,1,1,3,1,0,1,0,0,0,0,0,0,0,7
CHANNEL_PARTNER,BRWBNE,05-01-2026,0,0,0,0,0,0,0,0,0,0,0,0,0,0,0,0,1,0,0,0,0,0,0,0,1
SUPPLY_MARKET,CG1,05-01-2026,0,0,0,0,0,0,0,1,0,0,2,2,4,4,2,0,0,2,2,0,0,1,1,0,21
SUPPLY_MARKET,CG2,05-01-2026,0,0,0,0,0,2,0,0,0,0,0,1,1,0,2,2,2,1,0,1,1,1,0,0,14
SUPPLY_TOLL,CHE,05-01-2026,0,1,0,0,0,0,0,0,0,1,0,3,4,6,0,5,3,3,3,1,2,0,0,1,33
SUPPLY_TOLL,COI,05-01-2026,0,0,0,0,0,0,0,1,1,0,2,3,2,1,4,4,2,3,1,0,4,3,1,2,34
SUPPLY_MARKET,DEL,05-01-2026,0,0,0,0,0,0,0,0,2,0,1,5,3,5,2,5,3,1,6,1,0,1,0,0,35
SUPPLY_MARKET,GJ1,05-01-2026,0,0,0,0,0,0,0,0,0,0,1,1,2,2,0,4,0,1,0,1,3,1,0,0,16
SUPPLY_MARKET,GJ2,05-01-2026,0,0,0,0,0,0,0,0,0,0,0,1,1,2,2,2,2,7,3,3,5,1,0,0,29
SUPPLY_MARKET,HPJK,05-01-2026,0,0,0,0,0,0,0,0,0,0,0,0,1,1,2,4,4,3,2,1,0,0,0,0,18
SUPPLY_MARKET,HR,05-01-2026,0,0,0,0,0,0,0,0,1,0,0,2,1,3,2,2,6,3,4,2,1,0,0,0,27
SUPPLY_TOLL,HUB,05-01-2026,1,0,0,0,0,0,0,0,1,1,1,0,0,1,3,1,3,1,1,1,0,1,0,0,16
SUPPLY_TOLL,HYD,05-01-2026,0,0,0,0,0,0,0,0,3,2,4,2,3,2,3,4,5,3,0,3,1,2,0,0,37
SUPPLY_TOLL,JAI,05-01-2026,0,0,0,0,0,0,0,0,0,0,0,3,0,4,1,2,1,2,2,3,5,1,2,1,27
SUPPLY_MARKET,JH,05-01-2026,0,0,0,0,0,0,0,0,0,2,1,1,4,1,3,1,2,0,1,0,2,0,0,0,18
SUPPLY_MARKET,KA1,05-01-2026,0,0,0,0,0,0,0,0,0,0,0,3,0,0,1,0,1,1,1,2,0,2,0,0,11
SUPPLY_MARKET,KA2,05-01-2026,0,0,0,0,0,0,0,0,2,0,1,2,5,3,1,6,2,4,2,2,0,2,1,1,34
SUPPLY_TOLL,KOL,05-01-2026,0,0,0,0,0,0,0,0,0,2,4,3,5,1,2,5,3,6,4,11,5,8,1,1,61
SUPPLY_TOLL,LKW,05-01-2026,0,0,0,0,0,0,0,0,2,2,2,3,2,2,4,1,1,2,2,2,2,0,0,0,27
SUPPLY_MARKET,MH1,05-01-2026,0,0,0,0,0,0,0,0,0,0,1,0,1,0,2,8,2,4,2,1,2,0,0,0,23
SUPPLY_MARKET,MH2,05-01-2026,0,0,0,0,0,0,0,0,0,0,0,0,1,2,1,2,2,4,1,0,4,0,2,0,19
SUPPLY_MARKET,MH3,05-01-2026,0,0,0,0,0,0,0,0,0,0,0,3,1,3,1,3,4,1,2,1,1,0,1,0,21
SUPPLY_MARKET,MH4,05-01-2026,0,0,0,0,0,0,0,0,0,0,1,0,4,3,4,3,5,4,1,0,0,2,1,0,28
SUPPLY_TOLL,MP,05-01-2026,0,0,0,0,0,0,0,0,1,0,0,1,2,4,1,0,4,2,2,1,1,0,0,1,20
SUPPLY_MARKET,MP1,05-01-2026,0,0,0,0,0,0,0,0,0,0,0,1,3,3,2,4,2,4,3,0,1,0,0,0,23
SUPPLY_MARKET,MP2,05-01-2026,0,0,0,0,0,0,0,0,0,0,0,0,4,1,2,3,0,1,2,1,1,1,1,0,17
CHANNEL_PARTNER,MPCG,05-01-2026,0,0,0,0,0,0,0,0,0,0,0,0,0,0,0,0,0,0,0,1,0,0,0,0,1
FINANCIAL_SERVICES,Maharashtra,05-01-2026,0,0,0,0,0,0,0,0,0,0,0,1,0,0,0,0,0,0,0,0,0,0,0,0,1
SUPPLY_TOLL,NAG,05-01-2026,0,0,0,0,0,0,0,0,0,0,0,3,4,3,3,4,5,4,2,1,1,2,0,0,32
SUPPLY_MARKET,NCR,05-01-2026,0,0,0,0,0,0,0,0,0,0,0,1,1,1,4,2,4,1,0,1,0,0,0,0,15
SUPPLY_MARKET,NE,05-01-2026,0,0,0,0,0,0,0,0,0,0,0,3,1,0,0,0,0,0,0,0,1,0,0,0,5
SUPPLY_MARKET,OR1,05-01-2026,0,0,0,0,0,0,0,0,0,2,3,0,4,0,3,0,1,0,4,3,0,1,1,0,22
SUPPLY_MARKET,OR2,05-01-2026,0,0,0,0,0,0,0,1,0,0,1,2,3,1,0,0,2,1,1,4,0,0,0,0,16
CHANNEL_PARTNER,ORJH,05-01-2026,0,0,0,0,0,0,0,0,0,0,0,3,0,0,0,1,0,0,0,0,0,0,0,0,4
SUPPLY_TOLL,PAT,05-01-2026,0,0,0,0,0,0,0,3,3,1,1,2,4,4,0,7,3,5,4,2,2,3,0,0,44
SUPPLY_MARKET,PBHR,05-01-2026,0,0,0,0,0,0,0,0,1,0,1,0,2,1,1,1,2,3,4,0,0,0,0,1,17
SUPPLY_TOLL,PUN,05-01-2026,0,0,0,0,0,0,0,0,0,0,1,1,1,3,0,3,0,1,2,1,5,2,0,0,20
SUPPLY_TOLL,RAI,05-01-2026,0,0,0,0,0,0,0,1,1,3,2,6,1,4,3,2,5,2,3,2,2,1,1,0,39
SUPPLY_MARKET,RJ1,05-01-2026,0,0,0,0,0,0,0,0,0,0,0,0,3,2,2,2,2,1,0,0,2,0,0,0,14
SUPPLY_MARKET,RJ2,05-01-2026,0,0,0,0,0,0,0,0,1,0,0,0,1,1,1,2,3,0,1,1,1,0,0,0,12
SUPPLY_MARKET,RJ3,05-01-2026,0,0,0,0,0,0,0,0,0,0,0,1,3,2,3,5,1,1,1,1,0,0,1,0,19
SUPPLY_MARKET,RJ4,05-01-2026,0,0,0,0,0,0,0,0,0,0,0,3,6,2,1,5,3,4,3,1,0,0,0,0,28
SUPPLY_TOLL,ROK,05-01-2026,0,0,0,0,0,0,0,1,0,0,0,1,0,0,2,4,7,3,3,0,2,2,1,0,26
SUPPLY_TOLL,SUR,05-01-2026,0,0,0,0,0,0,0,0,0,0,2,2,1,1,0,0,0,1,4,0,1,0,0,0,12
SUPPLY_MARKET,TN1,05-01-2026,0,0,0,0,0,0,0,0,0,0,1,1,1,3,2,3,2,0,1,3,2,0,0,0,19
SUPPLY_MARKET,TN2,05-01-2026,0,0,0,0,0,0,0,0,0,2,1,3,1,3,3,2,1,1,1,4,2,3,0,0,27
SUPPLY_MARKET,TN3,05-01-2026,0,0,0,0,0,0,0,0,0,2,1,1,4,3,0,2,2,2,2,1,0,0,0,0,20
SUPPLY_MARKET,TN4,05-01-2026,0,0,0,0,0,0,0,0,1,0,0,0,1,0,0,1,1,0,0,0,0,0,0,0,4
CHANNEL_PARTNER,TNKN,05-01-2026,0,0,0,0,0,0,0,0,0,0,0,0,0,0,0,1,0,0,0,0,0,0,0,0,1
SUPPLY_MARKET,TS1,05-01-2026,0,0,0,0,0,0,0,0,0,0,1,4,1,1,1,2,1,0,2,1,0,0,0,0,14
SUPPLY_MARKET,TS2,05-01-2026,0,0,0,0,0,0,0,0,0,0,2,0,5,3,1,1,3,0,1,0,0,0,0,2,18
SUPPLY_TOLL,UDR,05-01-2026,0,0,0,0,0,0,0,0,0,0,2,2,6,2,1,4,1,4,1,0,1,3,1,0,28
SUPPLY_MARKET,UP1,05-01-2026,0,0,0,0,0,0,0,0,0,0,0,3,2,4,0,2,2,0,1,1,0,0,0,0,15
SUPPLY_MARKET,UP2,05-01-2026,0,0,0,0,0,0,0,0,0,0,1,2,1,0,1,3,2,2,1,0,1,0,0,0,14
SUPPLY_MARKET,UP3,05-01-2026,0,0,1,0,0,0,0,0,0,0,0,0,2,4,1,6,1,2,0,0,1,0,0,0,18
SUPPLY_MARKET,UP4,05-01-2026,0,0,0,0,0,0,0,0,0,0,0,2,2,1,3,9,3,1,1,1,0,2,0,1,26
SUPPLY_MARKET,UP5,05-01-2026,0,0,0,0,0,0,0,0,0,1,0,1,1,2,2,1,2,2,0,1,1,0,0,0,14
SUPPLY_TOLL,VIJ,05-01-2026,0,0,0,0,0,0,0,0,0,1,2,3,0,6,1,2,1,6,2,3,0,2,2,1,32
SUPPLY_MARKET,WB1,05-01-2026,0,0,0,0,0,0,0,0,0,1,0,1,2,0,5,1,2,1,2,3,2,1,2,0,23
SUPPLY_MARKET,WB2,05-01-2026,0,0,0,0,0,0,0,0,0,0,2,1,2,5,0,2,1,0,0,0,5,0,0,0,18
SUPPLY_TOLL,AGR,04-01-2026,0,0,0,0,0,0,0,0,0,1,1,1,1,6,3,4,2,7,11,2,0,2,0,1,42
SUPPLY_TOLL,AHD,04-01-2026,0,0,0,0,0,0,0,0,0,0,2,1,4,4,3,1,0,0,3,0,0,0,1,0,19
SUPPLY_TOLL,AMR,04-01-2026,2,0,0,0,0,0,0,0,0,0,1,1,0,0,2,2,1,0,0,1,0,1,0,0,11
SUPPLY_MARKET,AP1,04-01-2026,0,0,0,0,0,0,0,0,0,0,0,0,3,1,2,0,0,1,0,0,2,0,0,0,9
SUPPLY_MARKET,AP2,04-01-2026,0,0,0,0,0,0,0,0,2,0,0,3,4,3,1,3,0,2,0,3,0,2,1,0,24
SUPPLY_TOLL,BHU,04-01-2026,1,0,0,0,1,0,0,0,1,4,0,3,4,3,1,2,3,2,8,3,3,1,0,2,42
SUPPLY_TOLL,BLR,04-01-2026,0,0,0,0,0,0,0,1,2,0,0,0,2,1,0,2,0,0,0,0,0,0,0,0,8
SUPPLY_MARKET,BR1,04-01-2026,0,0,0,0,0,0,0,0,0,0,0,1,1,1,2,1,0,1,0,0,0,1,1,0,9
SUPPLY_MARKET,BR2,04-01-2026,0,0,0,0,0,0,0,0,0,0,0,1,0,0,0,2,0,0,0,0,0,0,0,0,3
SUPPLY_MARKET,CG1,04-01-2026,0,0,0,0,0,0,0,0,0,0,0,0,0,1,2,0,1,2,1,1,0,0,0,0,8
SUPPLY_MARKET,CG2,04-01-2026,1,0,0,0,0,0,0,0,0,0,0,0,1,1,1,0,0,1,0,1,0,0,0,0,6
SUPPLY_TOLL,CHE,04-01-2026,0,0,0,0,0,0,0,0,0,2,2,2,1,2,1,1,0,1,0,0,0,1,0,1,14
SUPPLY_TOLL,COI,04-01-2026,0,1,1,0,1,0,1,0,0,2,5,1,4,2,1,0,0,1,2,1,2,0,1,1,27
SUPPLY_MARKET,DEL,04-01-2026,0,2,0,0,1,0,1,0,0,0,1,0,5,11,1,5,1,0,2,2,1,1,0,0,34
SUPPLY_MARKET,GJ1,04-01-2026,0,0,0,0,0,0,0,0,0,1,0,1,0,2,0,1,0,0,0,0,2,2,0,0,9
SUPPLY_MARKET,GJ2,04-01-2026,0,0,0,0,0,0,0,0,0,0,1,0,2,0,2,4,1,0,1,0,3,0,0,0,14
SUPPLY_MARKET,HPJK,04-01-2026,0,0,0,0,0,0,0,0,0,1,0,1,1,0,0,2,0,0,0,0,1,0,0,0,6
SUPPLY_MARKET,HR,04-01-2026,0,0,0,0,0,0,0,0,0,1,0,1,1,0,7,0,1,1,1,0,0,1,0,0,14
SUPPLY_TOLL,HUB,04-01-2026,0,0,0,0,0,0,0,0,0,0,1,1,0,0,0,0,0,0,1,0,0,0,1,1,5
SUPPLY_TOLL,HYD,04-01-2026,0,0,0,0,0,0,0,0,0,1,5,0,3,0,0,1,0,2,0,1,1,1,0,0,15
SUPPLY_TOLL,JAI,04-01-2026,0,1,0,0,0,0,1,1,1,0,1,1,3,2,4,3,0,3,1,1,2,1,0,0,26
SUPPLY_MARKET,JH,04-01-2026,0,0,0,0,0,0,0,1,0,1,2,1,0,0,2,0,0,4,0,0,2,0,0,0,13
SUPPLY_MARKET,KA1,04-01-2026,0,0,0,0,0,0,0,0,0,0,2,0,1,0,0,0,0,1,0,0,0,0,0,0,4
SUPPLY_MARKET,KA2,04-01-2026,0,0,0,0,0,0,0,0,0,0,3,0,0,3,3,4,4,2,5,0,1,1,1,1,28
SUPPLY_TOLL,KOL,04-01-2026,0,0,0,0,0,0,0,0,0,2,4,3,3,4,1,4,3,2,2,1,2,1,1,0,33
SUPPLY_TOLL,LKW,04-01-2026,0,0,0,0,0,0,0,0,1,1,1,2,0,0,0,0,5,3,2,2,0,2,1,0,20
SUPPLY_MARKET,MH1,04-01-2026,0,0,0,0,0,0,0,0,0,0,0,0,0,1,1,0,2,2,0,0,0,0,1,0,7
SUPPLY_MARKET,MH2,04-01-2026,0,0,0,0,0,0,0,0,1,0,0,0,1,2,1,0,0,0,0,0,0,0,1,0,6
SUPPLY_MARKET,MH3,04-01-2026,0,0,0,0,0,0,0,0,0,0,1,1,0,5,1,0,0,1,0,0,1,0,0,0,10
SUPPLY_MARKET,MH4,04-01-2026,2,0,0,0,0,0,0,0,0,0,0,5,0,1,2,2,2,1,0,1,0,0,0,0,16
SUPPLY_TOLL,MP,04-01-2026,3,0,0,0,0,0,0,1,1,0,0,2,4,0,1,5,4,0,1,2,1,1,1,0,27
SUPPLY_MARKET,MP1,04-01-2026,0,0,0,0,0,0,0,0,0,0,0,0,1,1,1,0,0,1,0,0,3,0,0,1,8
SUPPLY_MARKET,MP2,04-01-2026,0,0,0,0,0,0,0,0,0,0,0,5,0,1,1,2,3,1,0,1,0,0,0,0,14
SUPPLY_TOLL,NAG,04-01-2026,0,0,0,0,0,0,0,0,0,0,0,1,5,1,3,1,1,3,3,4,0,1,1,4,28
SUPPLY_MARKET,NCR,04-01-2026,0,0,0,0,0,0,0,0,0,0,1,2,0,2,0,0,0,2,0,0,0,0,0,0,7
SUPPLY_MARKET,NE,04-01-2026,0,0,0,0,0,0,0,0,0,0,0,0,1,0,0,0,0,0,2,0,0,0,0,0,3
SUPPLY_MARKET,OR1,04-01-2026,0,0,0,0,0,0,0,0,0,1,0,1,0,1,4,0,1,0,0,1,1,0,0,0,10
SUPPLY_MARKET,OR2,04-01-2026,0,0,0,0,0,0,0,0,0,0,2,1,2,2,0,0,0,6,0,0,0,0,0,0,13
CHANNEL_PARTNER,ORJH,04-01-2026,0,0,0,0,0,0,0,0,0,0,0,0,0,0,0,0,0,0,0,1,0,0,0,0,1
SUPPLY_TOLL,PAT,04-01-2026,1,0,0,0,0,0,1,3,0,4,2,4,1,4,0,3,3,1,2,1,1,1,0,0,32
SUPPLY_MARKET,PBHR,04-01-2026,0,0,0,0,0,0,0,0,0,0,0,0,1,3,3,5,1,0,0,0,0,1,0,0,14
SUPPLY_TOLL,PUN,04-01-2026,0,0,0,0,0,0,0,0,0,2,1,0,6,2,2,1,1,1,1,2,0,1,0,5,25
SUPPLY_TOLL,RAI,04-01-2026,2,0,0,0,0,0,0,0,1,6,3,1,6,7,9,4,3,6,10,1,3,1,0,1,64
SUPPLY_MARKET,RJ1,04-01-2026,0,0,0,0,0,0,0,0,0,0,0,1,1,0,3,1,2,0,1,0,0,0,0,0,9
SUPPLY_MARKET,RJ2,04-01-2026,0,0,0,0,0,0,0,0,0,0,1,4,0,1,0,1,1,1,1,0,1,0,0,0,11
SUPPLY_MARKET,RJ3,04-01-2026,0,0,0,0,0,0,0,0,0,0,0,3,0,2,3,0,2,0,1,0,0,0,0,0,11
SUPPLY_MARKET,RJ4,04-01-2026,0,0,0,0,0,0,0,0,0,0,0,1,0,3,5,13,3,1,1,0,1,0,0,0,28
SUPPLY_TOLL,ROK,04-01-2026,0,0,0,0,0,0,0,0,0,1,1,3,0,0,2,1,1,3,1,0,1,1,0,0,15
SUPPLY_TOLL,SUR,04-01-2026,1,0,0,0,0,0,0,1,1,2,0,2,0,0,1,0,0,1,2,0,1,0,0,1,13
SUPPLY_MARKET,TN1,04-01-2026,0,0,0,0,0,0,0,0,1,0,0,1,0,0,0,1,0,0,0,0,1,1,0,0,5
SUPPLY_MARKET,TN2,04-01-2026,0,0,0,0,0,0,0,0,0,0,0,2,0,1,0,0,2,0,1,0,1,0,0,0,7
SUPPLY_MARKET,TN3,04-01-2026,0,0,0,0,0,0,0,0,0,0,0,0,0,0,0,0,1,0,1,0,0,0,0,0,2
SUPPLY_MARKET,TN4,04-01-2026,1,0,0,0,0,0,0,0,0,0,0,0,0,0,0,0,0,0,1,0,0,1,0,0,3
SUPPLY_MARKET,TS1,04-01-2026,0,0,0,0,0,0,0,1,0,1,0,0,2,1,1,0,0,1,0,1,2,0,0,0,10
SUPPLY_MARKET,TS2,04-01-2026,0,0,0,0,0,0,0,0,0,0,1,0,1,1,2,1,0,0,0,0,0,0,0,0,6
SUPPLY_TOLL,UDR,04-01-2026,0,0,0,0,0,0,0,0,0,0,0,3,0,5,5,4,5,3,2,2,0,2,0,1,32
SUPPLY_MARKET,UP1,04-01-2026,0,0,0,0,0,0,0,0,0,0,0,0,0,1,0,0,3,4,1,1,0,0,0,0,10
SUPPLY_MARKET,UP2,04-01-2026,0,0,0,0,0,0,0,0,0,0,2,3,0,4,2,2,4,0,1,0,0,0,0,0,18
SUPPLY_MARKET,UP3,04-01-2026,0,0,0,0,0,0,0,0,0,0,0,0,0,0,0,2,0,0,0,0,0,0,0,0,2
SUPPLY_MARKET,UP4,04-01-2026,0,0,0,0,0,0,2,0,0,0,0,0,2,1,1,3,0,0,0,0,0,1,0,0,10
SUPPLY_MARKET,UP5,04-01-2026,0,0,0,0,0,0,0,0,0,2,1,1,2,2,1,1,0,2,0,1,0,0,0,0,13
SUPPLY_TOLL,VIJ,04-01-2026,0,0,0,0,0,0,0,0,1,2,1,4,3,4,3,2,2,1,1,0,2,1,1,0,28
SUPPLY_MARKET,WB1,04-01-2026,0,0,0,0,0,0,0,0,0,0,0,1,1,1,1,0,1,3,0,1,2,1,1,1,14
SUPPLY_MARKET,WB2,04-01-2026,0,0,0,0,0,0,0,0,0,0,0,1,0,0,2,1,0,0,0,0,0,1,1,0,6
SUPPLY_TOLL,AGR,03-01-2026,2,1,0,0,0,0,0,0,0,1,2,2,4,1,2,2,2,6,0,0,2,0,1,0,28
SUPPLY_TOLL,AHD,03-01-2026,0,0,0,0,0,0,0,0,0,1,1,1,5,1,4,2,1,3,1,1,2,1,0,0,24
SUPPLY_TOLL,AMR,03-01-2026,0,0,0,0,0,0,0,0,1,1,1,0,3,4,0,1,8,0,1,1,0,0,0,0,21
SUPPLY_MARKET,AP1,03-01-2026,0,0,0,0,0,0,1,0,0,0,6,9,5,2,3,1,3,3,15,1,1,1,1,1,53
SUPPLY_MARKET,AP2,03-01-2026,0,0,0,0,0,0,0,0,2,0,5,5,4,2,3,1,1,2,4,3,1,0,0,0,33
SUPPLY_TOLL,BHU,03-01-2026,0,0,0,0,1,0,0,0,4,4,3,3,4,13,2,5,3,3,2,3,1,2,2,5,60
SUPPLY_TOLL,BLR,03-01-2026,0,0,0,0,0,0,0,0,0,1,1,0,0,1,3,0,1,3,1,0,0,0,2,0,13
SUPPLY_MARKET,BR1,03-01-2026,0,0,0,0,0,0,0,1,0,0,2,0,0,5,0,3,0,0,0,0,0,0,0,0,11
SUPPLY_MARKET,BR2,03-01-2026,0,0,0,0,0,0,0,0,0,0,0,0,0,1,2,1,0,1,0,0,0,0,0,0,5
SUPPLY_MARKET,CG1,03-01-2026,0,0,0,0,0,0,0,0,0,0,0,2,1,3,2,1,1,1,4,2,2,1,0,0,20
SUPPLY_MARKET,CG2,03-01-2026,0,0,0,0,0,0,0,0,2,0,0,1,0,4,2,2,0,0,0,0,0,1,0,0,12
SUPPLY_TOLL,CHE,03-01-2026,0,0,0,0,0,0,0,0,2,0,2,1,1,5,2,3,1,3,2,1,6,0,1,0,30
SUPPLY_TOLL,COI,03-01-2026,0,1,1,0,0,0,1,0,1,0,0,5,3,5,2,3,2,3,2,0,4,5,1,2,41
SUPPLY_MARKET,DEL,03-01-2026,1,0,1,0,0,0,1,2,0,1,2,4,1,4,12,4,3,2,1,0,2,3,1,0,45
SUPPLY_MARKET,GJ1,03-01-2026,0,0,0,0,0,0,0,0,0,0,2,1,2,3,1,1,1,0,0,0,2,1,0,0,14
SUPPLY_MARKET,GJ2,03-01-2026,0,0,0,0,0,0,0,0,0,0,3,2,2,3,2,3,4,0,2,6,2,1,0,0,30
CHANNEL_PARTNER,GJRJ,03-01-2026,0,0,0,0,0,0,0,0,0,0,0,0,0,0,0,0,0,0,1,0,0,0,0,0,1
SUPPLY_MARKET,HPJK,03-01-2026,0,0,0,0,0,0,0,0,0,1,2,1,3,7,8,3,4,3,8,2,2,1,0,6,51
SUPPLY_MARKET,HR,03-01-2026,0,0,0,0,0,0,0,0,0,0,1,2,4,2,2,3,6,6,3,0,1,0,1,0,31
SUPPLY_TOLL,HUB,03-01-2026,0,0,0,0,0,0,0,0,1,0,1,3,2,0,1,2,2,0,1,0,1,0,2,1,17
SUPPLY_TOLL,HYD,03-01-2026,0,0,0,0,0,0,0,1,1,1,1,4,5,7,0,10,9,3,3,11,3,4,0,1,64
SUPPLY_TOLL,JAI,03-01-2026,0,0,0,0,0,0,0,0,1,0,4,6,3,3,2,4,5,6,3,3,0,2,1,0,43
SUPPLY_MARKET,JH,03-01-2026,0,0,0,0,0,0,0,0,0,1,2,0,3,4,6,3,3,2,2,0,0,0,0,0,26
SUPPLY_MARKET,KA1,03-01-2026,0,0,0,0,0,0,0,0,0,1,1,1,3,2,1,0,0,3,1,0,2,1,0,0,16
SUPPLY_MARKET,KA2,03-01-2026,0,0,0,0,0,0,0,0,0,1,2,0,3,1,2,1,2,1,2,0,0,0,0,1,16
SUPPLY_TOLL,KOL,03-01-2026,0,0,1,1,1,0,0,3,1,6,4,1,7,11,1,2,4,4,4,1,1,2,2,6,63
SUPPLY_TOLL,LKW,03-01-2026,0,0,0,0,0,0,1,1,0,2,0,2,2,4,3,0,3,1,2,3,0,2,2,0,28
SUPPLY_MARKET,MH1,03-01-2026,0,0,0,0,0,0,0,0,1,0,0,0,2,5,10,5,0,0,3,2,0,2,4,0,34
SUPPLY_MARKET,MH2,03-01-2026,0,0,0,0,0,0,0,0,0,1,0,0,2,6,2,3,1,2,1,0,1,2,3,0,24
SUPPLY_MARKET,MH3,03-01-2026,0,0,0,0,0,0,0,0,0,0,1,0,0,1,4,5,1,1,1,0,0,1,0,0,15
SUPPLY_MARKET,MH4,03-01-2026,0,0,0,0,0,0,0,0,0,0,1,0,4,3,1,3,8,0,3,2,3,0,1,0,29
SUPPLY_TOLL,MP,03-01-2026,0,0,0,0,0,0,0,0,0,1,2,2,5,1,1,6,4,2,0,8,0,0,0,0,32
SUPPLY_MARKET,MP1,03-01-2026,0,0,0,0,0,0,0,0,0,0,0,1,2,2,5,1,3,2,3,0,0,1,0,0,20
SUPPLY_MARKET,MP2,03-01-2026,0,0,0,0,0,0,0,0,0,0,0,0,0,1,0,0,2,1,1,1,0,1,0,0,7
CHANNEL_PARTNER,MPCG,03-01-2026,0,0,0,0,0,0,0,0,0,0,0,0,0,0,0,1,0,0,0,0,0,0,0,0,1
SUPPLY_TOLL,NAG,03-01-2026,0,0,0,0,0,0,0,0,0,1,2,1,10,1,1,5,2,2,2,0,0,2,0,1,30
SUPPLY_MARKET,NCR,03-01-2026,0,0,0,0,0,0,0,0,0,0,1,1,2,1,4,1,2,1,2,0,0,0,0,0,15
SUPPLY_MARKET,NE,03-01-2026,0,0,0,0,0,0,0,0,0,0,0,1,0,1,3,1,0,0,0,0,1,5,2,0,14
SUPPLY_MARKET,OR1,03-01-2026,0,0,0,0,0,1,1,0,0,0,0,3,1,1,2,0,0,4,1,0,0,1,3,1,19
SUPPLY_MARKET,OR2,03-01-2026,0,0,0,0,0,0,0,0,1,0,0,0,3,3,0,1,3,3,3,0,0,1,0,0,18
CHANNEL_PARTNER,ORJH,03-01-2026,0,0,0,0,0,0,0,0,0,0,0,0,0,0,1,0,0,0,0,0,0,1,0,0,2
SUPPLY_TOLL,PAT,03-01-2026,0,1,1,0,0,0,1,2,1,2,4,3,4,1,0,0,3,2,2,1,1,1,2,0,32
SUPPLY_MARKET,PBHR,03-01-2026,0,0,0,0,0,0,0,0,0,0,2,0,3,2,4,3,0,0,4,2,0,0,0,0,20
SUPPLY_TOLL,PUN,03-01-2026,0,2,0,0,0,0,1,0,0,0,2,0,6,3,0,1,0,1,9,7,4,0,2,0,38
SUPPLY_TOLL,RAI,03-01-2026,0,1,0,0,0,0,3,1,0,4,2,1,3,2,3,1,2,1,2,1,1,0,0,2,30
SUPPLY_MARKET,RJ1,03-01-2026,0,0,0,0,0,0,0,0,0,0,0,1,1,3,1,2,2,1,0,1,0,1,0,0,13
SUPPLY_MARKET,RJ2,03-01-2026,0,0,0,0,0,0,0,0,0,0,2,2,5,4,3,0,2,0,1,0,2,0,0,0,21
SUPPLY_MARKET,RJ3,03-01-2026,0,0,0,0,0,0,0,0,1,0,0,1,4,5,2,2,0,1,1,1,0,1,0,2,21
SUPPLY_MARKET,RJ4,03-01-2026,0,0,0,0,0,0,0,0,0,0,1,0,3,12,9,1,1,0,0,2,0,0,0,0,29
SUPPLY_TOLL,ROK,03-01-2026,0,0,0,0,0,0,0,0,0,0,0,1,1,6,3,2,2,2,1,1,0,1,0,0,20
SUPPLY_TOLL,SUR,03-01-2026,0,0,0,0,0,0,0,0,1,0,2,2,0,1,1,1,0,0,0,0,0,0,1,0,9
SUPPLY_MARKET,TN1,03-01-2026,0,0,0,0,0,0,0,0,0,0,1,0,4,2,2,2,0,1,0,0,0,1,0,0,13
SUPPLY_MARKET,TN2,03-01-2026,0,0,0,0,0,0,0,0,0,1,1,4,3,2,1,2,3,3,1,2,2,2,0,0,27
SUPPLY_MARKET,TN3,03-01-2026,0,0,0,0,0,0,1,0,1,1,2,1,3,1,2,1,3,1,1,0,1,0,2,0,21
SUPPLY_MARKET,TN4,03-01-2026,0,0,0,0,0,0,0,0,1,0,1,3,0,1,0,1,0,1,0,0,0,1,0,0,9
SUPPLY_MARKET,TS1,03-01-2026,0,0,0,0,0,0,0,0,0,0,0,3,3,1,3,2,0,3,2,1,0,1,0,0,19
SUPPLY_MARKET,TS2,03-01-2026,0,0,0,0,0,0,1,0,2,1,2,5,3,1,0,2,1,4,2,0,0,0,0,0,24
SUPPLY_TOLL,UDR,03-01-2026,0,0,0,0,0,1,0,0,0,1,0,2,3,1,2,5,1,2,5,4,0,0,2,1,30
SUPPLY_MARKET,UP1,03-01-2026,0,0,0,0,0,0,0,0,0,0,1,0,1,0,2,2,0,1,2,0,1,0,0,0,10
SUPPLY_MARKET,UP2,03-01-2026,0,0,0,0,0,0,0,1,0,1,1,1,1,1,2,0,1,0,1,2,2,0,0,0,14
SUPPLY_MARKET,UP3,03-01-2026,0,0,0,0,0,0,0,0,0,0,0,0,1,1,2,0,1,0,0,1,1,0,1,0,8
SUPPLY_MARKET,UP4,03-01-2026,0,0,0,0,0,0,0,0,0,0,0,0,2,3,3,2,4,3,1,2,1,0,0,1,22
SUPPLY_MARKET,UP5,03-01-2026,0,0,0,0,0,0,0,0,1,0,1,2,2,3,4,2,2,4,0,2,0,0,0,0,23
SUPPLY_TOLL,VIJ,03-01-2026,0,0,0,0,0,0,0,0,0,2,2,4,1,4,2,1,4,3,7,3,2,1,1,1,38
SUPPLY_MARKET,WB1,03-01-2026,0,0,0,0,0,0,0,0,0,0,1,3,7,12,2,1,1,3,1,1,0,2,1,0,35
SUPPLY_MARKET,WB2,03-01-2026,0,0,0,0,0,0,0,0,0,0,2,1,0,2,1,1,1,3,2,0,0,0,2,0,15
SUPPLY_TOLL,AGR,02-01-2026,0,0,0,0,0,0,0,0,0,0,1,2,0,1,7,9,2,4,1,2,1,0,3,0,33
SUPPLY_TOLL,AHD,02-01-2026,0,0,0,0,0,0,0,0,1,1,1,1,2,2,1,4,1,2,2,2,3,1,6,0,30
SUPPLY_TOLL,AMR,02-01-2026,2,0,0,0,0,0,0,0,4,1,3,1,1,2,3,2,2,1,4,1,9,0,1,1,38
SUPPLY_MARKET,AP1,02-01-2026,0,0,0,0,0,0,0,0,0,0,5,4,0,7,2,4,5,3,3,2,0,0,0,0,35
SUPPLY_MARKET,AP2,02-01-2026,0,0,0,0,0,0,0,0,1,0,0,3,5,1,1,4,8,3,3,1,1,4,0,0,35
CHANNEL_PARTNER,APTNKN,02-01-2026,0,0,0,0,0,0,0,0,0,0,0,0,0,0,0,0,0,0,1,0,0,0,0,0,1
SUPPLY_TOLL,BHU,02-01-2026,0,0,0,0,0,0,2,0,2,2,6,1,2,1,4,4,9,2,0,3,3,5,2,1,49
SUPPLY_TOLL,BLR,02-01-2026,0,0,0,0,0,0,0,0,0,0,1,0,1,0,2,3,1,0,1,0,2,1,0,0,12
SUPPLY_MARKET,BR1,02-01-2026,0,0,0,0,0,0,0,0,0,0,2,0,2,2,1,1,2,1,1,1,0,1,0,0,14
SUPPLY_MARKET,BR2,02-01-2026,0,0,0,0,0,0,0,0,0,0,0,0,0,0,0,0,1,1,1,0,0,1,0,0,4
CHANNEL_PARTNER,BRWBNE,02-01-2026,0,0,0,0,0,0,0,0,0,1,0,0,0,0,0,1,0,0,0,0,0,0,0,0,2
SUPPLY_MARKET,CG1,02-01-2026,0,0,0,0,0,0,0,0,1,1,0,2,6,10,4,2,1,0,1,1,3,0,0,0,32
SUPPLY_MARKET,CG2,02-01-2026,0,0,0,0,0,0,0,1,0,0,1,1,1,7,6,3,1,1,1,0,0,4,1,0,28
SUPPLY_TOLL,CHE,02-01-2026,0,0,0,0,0,0,0,1,1,1,2,1,0,1,1,3,3,2,2,4,0,2,0,0,24
SUPPLY_TOLL,COI,02-01-2026,1,0,0,0,0,0,0,0,0,2,1,0,0,3,1,1,4,4,1,0,2,4,0,2,26
SUPPLY_MARKET,DEL,02-01-2026,0,0,0,0,0,0,0,0,1,0,5,1,5,6,6,9,4,5,3,3,1,1,1,0,51
SUPPLY_MARKET,GJ1,02-01-2026,0,0,0,0,0,0,0,0,0,1,1,1,3,1,1,1,0,5,1,2,1,3,0,0,21
SUPPLY_MARKET,GJ2,02-01-2026,0,0,0,0,0,0,0,0,0,1,0,2,3,5,0,3,2,3,6,1,3,2,0,0,31
SUPPLY_MARKET,HPJK,02-01-2026,0,0,0,0,0,0,0,0,0,1,1,0,2,3,6,3,1,1,1,0,1,0,0,0,20
SUPPLY_MARKET,HR,02-01-2026,0,0,0,0,0,0,0,0,1,2,0,4,1,2,4,3,3,4,1,1,1,0,0,1,28
SUPPLY_TOLL,HUB,02-01-2026,0,0,0,0,0,0,0,0,0,2,0,0,1,0,1,1,0,1,1,0,0,0,0,0,7
SUPPLY_TOLL,HYD,02-01-2026,0,0,0,0,0,0,1,0,0,1,4,1,2,3,0,2,4,2,5,3,0,0,0,0,28
SUPPLY_TOLL,JAI,02-01-2026,0,0,1,1,0,1,0,0,1,1,2,3,3,2,3,2,2,2,6,1,0,2,0,1,34
SUPPLY_MARKET,JH,02-01-2026,0,0,0,0,0,0,0,0,0,0,1,1,2,2,2,3,0,3,0,3,1,0,0,0,18
SUPPLY_MARKET,KA1,02-01-2026,0,0,0,0,0,0,0,0,0,1,1,2,0,0,1,1,1,1,1,0,0,0,0,0,9
SUPPLY_MARKET,KA2,02-01-2026,0,0,0,0,0,0,0,0,0,1,1,2,5,2,0,3,4,3,1,1,0,4,1,0,28
SUPPLY_TOLL,KOL,02-01-2026,0,0,0,0,0,0,1,1,0,2,1,2,2,8,7,10,6,7,2,1,2,3,3,1,59
SUPPLY_TOLL,LKW,02-01-2026,0,0,0,0,0,0,0,0,1,1,1,0,1,2,3,2,3,3,0,1,1,1,0,1,21
SUPPLY_MARKET,MH1,02-01-2026,0,0,0,0,0,0,0,0,0,0,0,2,2,0,6,1,3,0,0,1,1,1,1,1,19
SUPPLY_MARKET,MH2,02-01-2026,0,0,0,0,0,0,0,0,0,0,0,1,3,0,0,2,3,0,0,1,2,0,0,1,13
SUPPLY_MARKET,MH3,02-01-2026,1,0,0,0,0,0,0,0,0,0,0,2,2,1,1,0,1,2,3,2,4,0,0,0,19
SUPPLY_MARKET,MH4,02-01-2026,2,0,0,0,0,0,0,0,0,2,1,0,5,7,1,2,9,2,1,0,3,2,0,1,38
SUPPLY_TOLL,MP,02-01-2026,0,0,0,0,0,0,0,2,0,1,1,2,0,7,2,4,2,6,4,1,6,4,3,0,45
SUPPLY_MARKET,MP1,02-01-2026,1,0,0,0,0,0,0,0,0,0,0,0,3,5,0,1,3,1,1,0,1,0,0,0,16
SUPPLY_MARKET,MP2,02-01-2026,0,0,0,0,0,0,0,0,0,0,0,1,0,0,3,1,2,1,0,1,0,0,2,0,11
CHANNEL_PARTNER,MPCG,02-01-2026,0,0,0,0,0,0,0,0,0,0,0,0,1,1,0,0,0,0,0,0,0,0,0,0,2
SUPPLY_TOLL,NAG,02-01-2026,0,0,0,0,0,0,0,0,0,0,0,1,2,2,0,2,3,0,4,1,0,0,0,0,15
SUPPLY_MARKET,NCR,02-01-2026,0,0,0,0,0,0,0,0,1,2,0,0,2,3,1,2,2,1,0,2,1,1,0,0,18
SUPPLY_MARKET,NE,02-01-2026,0,0,0,0,0,0,0,0,0,0,0,0,0,1,0,0,1,0,0,1,0,0,0,1,4
SUPPLY_MARKET,OR1,02-01-2026,0,0,0,0,0,0,0,0,0,0,1,0,3,0,0,0,0,1,3,2,0,2,1,0,13
SUPPLY_MARKET,OR2,02-01-2026,0,0,0,0,0,0,0,0,0,1,0,4,0,1,1,0,3,2,2,0,0,0,0,0,14
SUPPLY_TOLL,PAT,02-01-2026,0,0,0,0,0,0,0,0,1,1,2,3,1,8,2,2,1,2,4,2,1,0,2,0,32
SUPPLY_MARKET,PBHR,02-01-2026,0,0,0,0,0,0,0,0,0,0,0,4,2,0,3,3,4,0,1,0,0,0,1,0,18
SUPPLY_TOLL,PUN,02-01-2026,0,0,0,0,0,0,0,1,0,2,0,0,11,13,5,5,3,3,2,3,5,1,0,1,55
SUPPLY_TOLL,RAI,02-01-2026,0,0,0,0,0,0,0,0,0,0,3,1,2,1,7,2,2,4,0,1,1,1,3,0,28
SUPPLY_MARKET,RJ1,02-01-2026,0,0,0,0,0,0,0,0,0,0,0,1,2,5,3,3,2,1,2,0,1,0,1,0,21
SUPPLY_MARKET,RJ2,02-01-2026,0,0,0,0,0,0,0,0,0,0,0,5,7,2,5,8,3,4,2,0,0,0,0,0,36
SUPPLY_MARKET,RJ3,02-01-2026,0,0,0,0,0,0,0,0,0,0,2,0,0,3,6,4,3,4,4,3,0,0,0,0,29
SUPPLY_MARKET,RJ4,02-01-2026,0,0,0,0,0,0,0,0,0,1,4,2,1,4,6,1,4,1,1,1,0,0,0,1,27
SUPPLY_TOLL,ROK,02-01-2026,0,0,0,0,0,0,0,0,0,0,2,3,1,1,0,2,0,0,5,2,0,0,0,0,16
SUPPLY_TOLL,SUR,02-01-2026,0,0,0,0,0,0,0,0,0,0,0,4,1,0,1,2,3,0,1,2,0,0,0,0,14
SUPPLY_MARKET,TN1,02-01-2026,0,0,0,0,0,0,0,0,0,0,1,3,1,1,0,0,3,1,1,1,2,0,0,0,14
SUPPLY_MARKET,TN2,02-01-2026,0,0,0,0,0,0,0,1,0,2,3,1,0,2,2,3,2,3,3,0,1,0,1,0,24
SUPPLY_MARKET,TN3,02-01-2026,0,0,0,0,0,0,0,0,0,0,0,3,1,1,1,4,2,1,1,0,0,0,0,0,14
SUPPLY_MARKET,TN4,02-01-2026,0,0,0,0,0,0,0,0,0,0,0,2,0,0,1,0,1,2,0,0,0,1,0,0,7
SUPPLY_MARKET,TS1,02-01-2026,0,0,0,0,0,0,0,0,0,0,2,0,4,0,0,1,2,0,0,0,1,0,0,0,10
SUPPLY_MARKET,TS2,02-01-2026,0,0,0,0,0,0,0,0,0,1,1,3,1,0,0,2,1,6,3,2,0,2,3,0,25
SUPPLY_TOLL,UDR,02-01-2026,1,0,0,0,0,0,0,0,1,3,5,0,5,1,0,2,1,5,5,5,3,0,0,1,38
SUPPLY_MARKET,UP1,02-01-2026,0,0,0,0,0,0,0,0,0,0,0,2,0,1,2,2,1,0,1,3,0,0,0,0,12
SUPPLY_MARKET,UP2,02-01-2026,0,0,0,0,0,0,0,1,1,0,0,1,2,1,2,1,2,1,0,4,1,1,0,0,18
SUPPLY_MARKET,UP3,02-01-2026,0,0,0,0,0,0,0,0,0,0,0,3,0,1,0,0,13,4,0,0,0,0,0,0,21
SUPPLY_MARKET,UP4,02-01-2026,0,0,0,0,0,0,0,0,0,0,1,1,3,1,2,5,1,0,2,0,0,0,0,0,16
SUPPLY_MARKET,UP5,02-01-2026,0,0,0,0,0,0,0,0,0,0,3,7,1,1,2,0,2,1,2,0,1,0,0,0,20
SUPPLY_TOLL,VIJ,02-01-2026,0,0,0,0,0,0,0,0,2,0,1,4,5,5,0,1,1,4,3,5,1,3,0,1,36
SUPPLY_MARKET,WB1,02-01-2026,0,0,0,0,0,0,0,0,0,0,1,2,1,3,0,2,0,2,0,3,1,2,1,1,19
SUPPLY_MARKET,WB2,02-01-2026,0,0,0,0,0,0,0,0,0,0,1,2,1,1,0,2,4,0,1,3,0,0,0,0,15
SUPPLY_TOLL,AGR,01-01-2026,1,1,0,0,0,0,0,0,0,0,3,1,0,1,2,2,1,1,0,5,1,1,0,0,20
SUPPLY_TOLL,AHD,01-01-2026,0,0,0,0,0,0,0,0,0,2,1,3,7,5,1,1,2,2,4,3,5,2,1,0,39
SUPPLY_TOLL,AMR,01-01-2026,0,0,0,0,0,0,0,0,1,1,0,1,3,0,0,1,5,3,3,1,0,1,1,0,21
SUPPLY_MARKET,AP1,01-01-2026,0,0,0,0,0,0,0,0,0,0,1,0,2,1,0,1,0,3,0,0,1,0,0,0,9
SUPPLY_MARKET,AP2,01-01-2026,0,0,0,0,0,0,0,0,2,0,1,2,2,3,1,0,0,1,1,0,0,0,0,0,13
SUPPLY_TOLL,BHU,01-01-2026,0,1,0,0,0,0,0,0,1,1,0,4,0,8,1,3,0,3,6,1,1,0,2,0,32
SUPPLY_TOLL,BLR,01-01-2026,1,0,0,0,0,0,0,0,0,0,0,2,2,1,1,0,0,0,1,0,0,0,0,0,8
SUPPLY_MARKET,BR1,01-01-2026,0,0,0,0,0,0,0,0,0,0,0,0,0,0,1,0,1,1,0,0,0,0,0,0,3
SUPPLY_MARKET,CG1,01-01-2026,0,0,0,0,1,0,0,0,0,0,0,0,0,0,0,0,0,0,1,2,0,0,1,0,5
SUPPLY_MARKET,CG2,01-01-2026,0,0,0,0,0,0,0,0,0,0,1,2,1,0,0,0,0,0,0,0,0,0,0,0,4
SUPPLY_TOLL,CHE,01-01-2026,0,0,0,0,0,0,0,1,0,0,1,2,1,1,2,2,2,1,0,1,0,0,0,0,14
SUPPLY_TOLL,COI,01-01-2026,0,2,1,0,0,0,1,0,2,3,2,1,3,3,1,1,0,4,0,5,1,3,0,2,35
SUPPLY_MARKET,DEL,01-01-2026,0,0,0,0,0,0,0,0,1,2,2,3,3,4,2,7,4,3,4,1,1,2,1,0,40
SUPPLY_MARKET,GJ1,01-01-2026,0,0,0,0,0,0,0,0,0,0,1,0,3,2,3,1,0,2,1,0,0,0,0,0,13
SUPPLY_MARKET,GJ2,01-01-2026,0,0,0,0,0,0,0,0,1,0,1,8,3,1,3,1,5,2,1,2,3,0,0,0,31
SUPPLY_MARKET,HPJK,01-01-2026,0,0,0,0,0,0,0,0,0,0,1,0,1,0,3,1,0,1,2,2,0,0,0,1,12
SUPPLY_MARKET,HR,01-01-2026,0,0,0,0,0,0,0,0,1,2,1,2,3,1,2,5,0,3,1,0,0,0,0,0,21
SUPPLY_TOLL,HUB,01-01-2026,0,0,0,1,0,0,0,0,0,0,0,1,2,1,3,1,0,2,2,1,2,1,0,0,17
SUPPLY_TOLL,HYD,01-01-2026,0,0,0,0,0,0,0,0,0,1,0,0,2,0,2,3,0,3,2,0,0,1,1,0,15
SUPPLY_TOLL,JAI,01-01-2026,0,0,0,0,0,0,0,1,0,1,1,2,2,5,2,3,0,3,4,4,4,0,1,0,33
SUPPLY_MARKET,JH,01-01-2026,0,0,0,0,0,0,0,1,0,0,0,1,0,1,0,1,0,0,1,0,0,0,0,0,5
SUPPLY_MARKET,KA1,01-01-2026,1,0,0,0,0,0,0,0,0,0,2,1,0,1,2,1,0,1,0,0,0,0,0,0,9
SUPPLY_MARKET,KA2,01-01-2026,0,0,0,0,0,0,0,0,0,1,1,0,2,3,1,1,0,1,5,6,3,3,1,0,28
SUPPLY_TOLL,KOL,01-01-2026,1,1,1,0,0,1,2,2,2,0,2,5,5,1,5,5,6,1,5,4,2,3,3,0,57
SUPPLY_TOLL,LKW,01-01-2026,0,0,0,0,0,0,1,0,0,0,2,2,2,3,0,4,2,0,1,2,2,0,1,0,22
SUPPLY_MARKET,MH1,01-01-2026,0,0,0,0,0,0,0,0,1,0,0,1,0,0,0,1,0,0,0,1,0,1,4,0,9
SUPPLY_MARKET,MH2,01-01-2026,0,0,0,0,0,0,0,0,0,0,0,1,0,4,2,0,2,2,2,3,0,0,0,1,17
SUPPLY_MARKET,MH3,01-01-2026,0,0,0,0,0,0,0,0,1,0,0,0,1,0,1,0,0,1,0,1,0,0,0,1,6
SUPPLY_MARKET,MH4,01-01-2026,0,0,0,0,0,0,0,0,1,0,1,8,3,5,2,4,1,6,2,1,0,1,0,0,35
SUPPLY_TOLL,MP,01-01-2026,3,0,0,0,0,0,0,0,0,1,2,1,1,1,2,1,0,1,4,3,2,2,0,0,24
SUPPLY_MARKET,MP1,01-01-2026,0,0,0,0,0,0,0,1,0,0,0,1,2,1,0,2,3,1,2,1,0,1,0,0,15
SUPPLY_MARKET,MP2,01-01-2026,1,0,0,0,0,0,0,0,0,0,0,0,0,0,11,10,8,1,0,2,0,0,0,0,33
SUPPLY_TOLL,NAG,01-01-2026,1,0,0,0,0,0,2,1,2,2,1,3,1,2,1,0,3,2,3,0,3,0,1,1,29
SUPPLY_MARKET,NCR,01-01-2026,0,0,0,0,0,0,0,1,0,0,1,1,4,0,1,0,0,0,0,0,0,0,1,0,9
SUPPLY_MARKET,NE,01-01-2026,0,0,0,0,0,0,0,0,0,0,0,0,0,0,1,0,0,0,1,0,0,0,0,1,3
SUPPLY_MARKET,OR1,01-01-2026,0,0,0,0,0,0,0,0,0,0,0,0,1,0,1,1,0,0,0,0,0,0,0,0,3
SUPPLY_MARKET,OR2,01-01-2026,0,0,0,0,0,0,0,0,0,7,3,1,2,1,0,0,0,0,0,3,1,0,0,0,18
SUPPLY_TOLL,PAT,01-01-2026,2,0,0,0,0,0,0,2,4,1,1,1,2,1,0,2,0,2,0,0,1,0,0,0,19
SUPPLY_MARKET,PBHR,01-01-2026,0,0,0,0,0,0,0,0,1,0,1,1,0,0,1,2,1,2,1,1,0,0,0,0,11
SUPPLY_TOLL,PUN,01-01-2026,0,0,0,0,0,0,0,0,1,0,3,2,2,1,2,1,5,2,3,3,0,2,0,0,27
SUPPLY_TOLL,RAI,01-01-2026,0,0,0,0,0,0,0,0,2,3,3,3,3,0,2,1,1,3,1,1,0,0,2,1,26
SUPPLY_MARKET,RJ1,01-01-2026,0,0,0,0,0,0,0,0,0,0,0,0,0,3,2,3,2,0,0,1,2,1,0,1,15
SUPPLY_MARKET,RJ2,01-01-2026,0,0,0,0,0,0,0,0,0,1,0,1,0,2,2,5,5,1,2,0,0,0,0,0,19
SUPPLY_MARKET,RJ3,01-01-2026,0,1,0,0,0,0,0,0,0,1,3,3,3,4,4,4,2,5,2,2,1,2,2,0,39
SUPPLY_MARKET,RJ4,01-01-2026,0,0,0,0,0,0,0,0,0,0,0,4,3,1,4,5,7,3,2,2,0,0,0,0,31
SUPPLY_TOLL,ROK,01-01-2026,1,0,0,0,0,0,0,0,0,0,1,1,1,0,3,0,2,2,1,1,1,0,0,0,14
SUPPLY_TOLL,SUR,01-01-2026,0,1,0,0,0,0,0,0,0,0,1,0,1,1,0,1,3,1,0,1,0,1,1,0,12
SUPPLY_MARKET,TN1,01-01-2026,0,0,0,0,0,0,0,0,0,0,0,1,2,2,0,0,0,0,3,1,0,0,0,0,9
SUPPLY_MARKET,TN2,01-01-2026,0,0,0,0,0,0,0,0,0,0,1,3,4,2,0,4,4,0,1,1,0,1,0,0,21
SUPPLY_MARKET,TN3,01-01-2026,0,0,0,0,0,0,0,0,0,0,1,1,2,2,4,0,0,0,0,0,0,0,0,0,10
SUPPLY_MARKET,TN4,01-01-2026,0,0,0,0,0,0,0,0,1,0,0,0,0,0,0,0,0,0,0,0,0,0,0,0,1
CHANNEL_PARTNER,TNKN,01-01-2026,0,0,0,0,0,0,0,0,0,0,0,0,0,1,0,0,0,0,0,0,0,0,0,0,1
SUPPLY_MARKET,TS2,01-01-2026,0,0,0,0,0,0,0,0,0,0,0,0,1,1,1,0,2,2,3,0,2,0,1,0,13
SUPPLY_TOLL,UDR,01-01-2026,2,0,0,0,0,0,0,0,1,3,3,4,3,2,4,3,1,5,1,1,2,0,0,0,35
SUPPLY_MARKET,UP1,01-01-2026,0,0,0,0,0,0,0,1,1,1,0,0,1,3,1,0,1,1,3,0,2,1,0,0,16
SUPPLY_MARKET,UP2,01-01-2026,1,0,0,0,0,0,0,0,0,1,0,1,1,0,5,0,0,0,1,0,1,2,0,0,13
SUPPLY_MARKET,UP3,01-01-2026,0,0,0,0,0,0,0,0,1,0,0,0,1,0,0,2,0,0,0,0,0,0,0,0,4
SUPPLY_MARKET,UP4,01-01-2026,2,0,0,0,0,0,0,0,0,1,0,2,0,1,0,3,1,3,0,2,0,1,0,0,16
SUPPLY_MARKET,UP5,01-01-2026,0,0,0,0,0,0,0,0,0,0,0,0,1,1,0,0,0,0,0,0,0,1,1,0,4
SUPPLY_TOLL,VIJ,01-01-2026,1,1,1,1,0,0,0,0,1,0,2,1,1,2,1,1,2,4,3,1,7,8,3,1,42
SUPPLY_MARKET,WB1,01-01-2026,1,1,0,0,0,0,0,0,0,0,2,1,2,3,2,3,2,1,1,1,4,0,0,0,24
SUPPLY_MARKET,WB2,01-01-2026,0,0,0,0,0,0,0,0,0,0,0,1,0,0,1,0,0,1,0,0,0,0,0,1,4
